skim@tesla.com, lkarney@tesla.com
lkarney@tesla.com, skim@tesla.com
skim@tesla.com, lkarney@tesla.com
lkarney@tesla.com, skim@tesla.com
skim@tesla.com, aantonia@tesla.com
aantonia@tesla.com, skim@tesla.com
skim@tesla.com, aantonia@tesla.com
aantonia@tesla.com, skim@tesla.com
skim@tesla.com, aantonia@tesla.com
skim@tesla.com, rnero@tesla.com
skim@tesla.com, ivicky@tesla.com
ivicky@tesla.com, skim@tesla.com
skim@tesla.com, ivicky@tesla.com
ivicky@tesla.com, skim@tesla.com
skim@tesla.com, lwyne@tesla.com
lwyne@tesla.com, skim@tesla.com
skim@tesla.com, lwyne@tesla.com
lwyne@tesla.com, skim@tesla.com
skim@tesla.com, odanni@tesla.com
odanni@tesla.com, skim@tesla.com
skim@tesla.com, rsteward@tesla.com
rsteward@tesla.com, skim@tesla.com
skim@tesla.com, rsteward@tesla.com
rsteward@tesla.com, skim@tesla.com
skim@tesla.com, areba@tesla.com
areba@tesla.com, skim@tesla.com
skim@tesla.com, lkermy@tesla.com
skim@tesla.com, ifenn@tesla.com
skim@tesla.com, aearlene@tesla.com
aearlene@tesla.com, skim@tesla.com
skim@tesla.com, aearlene@tesla.com
skim@tesla.com, ldecima@tesla.com
ldecima@tesla.com, skim@tesla.com
skim@tesla.com, ldecima@tesla.com
ldecima@tesla.com, skim@tesla.com
skim@tesla.com, ldecima@tesla.com
skim@tesla.com, apetersen@tesla.com
apetersen@tesla.com, skim@tesla.com
skim@tesla.com, aeskil@tesla.com
aeskil@tesla.com, skim@tesla.com
skim@tesla.com, aeskil@tesla.com
aeskil@tesla.com, skim@tesla.com
skim@tesla.com, aeskil@tesla.com
skim@tesla.com, esergei@tesla.com
esergei@tesla.com, skim@tesla.com
skim@tesla.com, ajena@tesla.com
ajena@tesla.com, skim@tesla.com
skim@tesla.com, ajena@tesla.com
ajena@tesla.com, skim@tesla.com
skim@tesla.com, rnuriel@tesla.com
rnuriel@tesla.com, skim@tesla.com
skim@tesla.com, oulberto@tesla.com
oulberto@tesla.com, skim@tesla.com
skim@tesla.com, oulberto@tesla.com
skim@tesla.com, iruscio@tesla.com
iruscio@tesla.com, skim@tesla.com
skim@tesla.com, arichardson@tesla.com
arichardson@tesla.com, skim@tesla.com
skim@tesla.com, arichardson@tesla.com
skim@tesla.com, uthorn@tesla.com
uthorn@tesla.com, skim@tesla.com
skim@tesla.com, uthorn@tesla.com
skim@tesla.com, tlorianne@tesla.com
tlorianne@tesla.com, skim@tesla.com
skim@tesla.com, tlorianne@tesla.com
tlorianne@tesla.com, skim@tesla.com
skim@tesla.com, tlorianne@tesla.com
skim@tesla.com, emaddeu@tesla.com
emaddeu@tesla.com, skim@tesla.com
skim@tesla.com, emaddeu@tesla.com
skim@tesla.com, epedroza@tesla.com
epedroza@tesla.com, skim@tesla.com
skim@tesla.com, epedroza@tesla.com
skim@tesla.com, iteferi@tesla.com
iteferi@tesla.com, skim@tesla.com
skim@tesla.com, iteferi@tesla.com
iteferi@tesla.com, skim@tesla.com
skim@tesla.com, acutlip@tesla.com
acutlip@tesla.com, skim@tesla.com
skim@tesla.com, acutlip@tesla.com
skim@tesla.com, inatelson@tesla.com
inatelson@tesla.com, skim@tesla.com
skim@tesla.com, hpelag@tesla.com
hpelag@tesla.com, skim@tesla.com
skim@tesla.com, hpelag@tesla.com
hpelag@tesla.com, skim@tesla.com
skim@tesla.com, rninnetta@tesla.com
rninnetta@tesla.com, skim@tesla.com
skim@tesla.com, rninnetta@tesla.com
skim@tesla.com, yaili@tesla.com
yaili@tesla.com, skim@tesla.com
skim@tesla.com, yaili@tesla.com
yaili@tesla.com, skim@tesla.com
skim@tesla.com, rstandish@tesla.com
skim@tesla.com, rshulock@tesla.com
rshulock@tesla.com, skim@tesla.com
skim@tesla.com, rshulock@tesla.com
rshulock@tesla.com, skim@tesla.com
skim@tesla.com, lburny@tesla.com
emusk@tesla.com, efidelia@tesla.com
efidelia@tesla.com, emusk@tesla.com
emusk@tesla.com, efidelia@tesla.com
efidelia@tesla.com, emusk@tesla.com
emusk@tesla.com, efidelia@tesla.com
efidelia@tesla.com, emusk@tesla.com
emusk@tesla.com, efidelia@tesla.com
efidelia@tesla.com, emusk@tesla.com
emusk@tesla.com, efidelia@tesla.com
efidelia@tesla.com, emusk@tesla.com
emusk@tesla.com, efidelia@tesla.com
efidelia@tesla.com, emusk@tesla.com
emusk@tesla.com, efidelia@tesla.com
efidelia@tesla.com, emusk@tesla.com
emusk@tesla.com, efidelia@tesla.com
efidelia@tesla.com, emusk@tesla.com
emusk@tesla.com, efidelia@tesla.com
efidelia@tesla.com, emusk@tesla.com
emusk@tesla.com, efidelia@tesla.com
efidelia@tesla.com, emusk@tesla.com
emusk@tesla.com, efidelia@tesla.com
efidelia@tesla.com, emusk@tesla.com
emusk@tesla.com, efidelia@tesla.com
efidelia@tesla.com, emusk@tesla.com
emusk@tesla.com, efidelia@tesla.com
efidelia@tesla.com, emusk@tesla.com
emusk@tesla.com, efidelia@tesla.com
efidelia@tesla.com, emusk@tesla.com
emusk@tesla.com, efidelia@tesla.com
efidelia@tesla.com, emusk@tesla.com
emusk@tesla.com, efidelia@tesla.com
efidelia@tesla.com, emusk@tesla.com
emusk@tesla.com, efidelia@tesla.com
efidelia@tesla.com, emusk@tesla.com
emusk@tesla.com, efidelia@tesla.com
efidelia@tesla.com, emusk@tesla.com
emusk@tesla.com, efidelia@tesla.com
efidelia@tesla.com, emusk@tesla.com
emusk@tesla.com, efidelia@tesla.com
efidelia@tesla.com, emusk@tesla.com
emusk@tesla.com, efidelia@tesla.com
efidelia@tesla.com, emusk@tesla.com
emusk@tesla.com, efidelia@tesla.com
efidelia@tesla.com, emusk@tesla.com
emusk@tesla.com, efidelia@tesla.com
efidelia@tesla.com, emusk@tesla.com
emusk@tesla.com, efidelia@tesla.com
efidelia@tesla.com, emusk@tesla.com
emusk@tesla.com, awurster@tesla.com
awurster@tesla.com, emusk@tesla.com
emusk@tesla.com, awurster@tesla.com
awurster@tesla.com, emusk@tesla.com
emusk@tesla.com, awurster@tesla.com
awurster@tesla.com, emusk@tesla.com
emusk@tesla.com, awurster@tesla.com
awurster@tesla.com, emusk@tesla.com
emusk@tesla.com, awurster@tesla.com
awurster@tesla.com, emusk@tesla.com
emusk@tesla.com, awurster@tesla.com
awurster@tesla.com, emusk@tesla.com
emusk@tesla.com, awurster@tesla.com
awurster@tesla.com, emusk@tesla.com
emusk@tesla.com, awurster@tesla.com
awurster@tesla.com, emusk@tesla.com
emusk@tesla.com, awurster@tesla.com
awurster@tesla.com, emusk@tesla.com
emusk@tesla.com, awurster@tesla.com
awurster@tesla.com, emusk@tesla.com
emusk@tesla.com, awurster@tesla.com
awurster@tesla.com, emusk@tesla.com
emusk@tesla.com, awurster@tesla.com
emusk@tesla.com, cricardama@tesla.com
cricardama@tesla.com, emusk@tesla.com
emusk@tesla.com, cricardama@tesla.com
cricardama@tesla.com, emusk@tesla.com
emusk@tesla.com, cricardama@tesla.com
cricardama@tesla.com, emusk@tesla.com
emusk@tesla.com, cricardama@tesla.com
cricardama@tesla.com, emusk@tesla.com
emusk@tesla.com, cricardama@tesla.com
cricardama@tesla.com, emusk@tesla.com
emusk@tesla.com, cricardama@tesla.com
cricardama@tesla.com, emusk@tesla.com
emusk@tesla.com, cricardama@tesla.com
cricardama@tesla.com, emusk@tesla.com
emusk@tesla.com, cricardama@tesla.com
cricardama@tesla.com, emusk@tesla.com
emusk@tesla.com, cricardama@tesla.com
cricardama@tesla.com, emusk@tesla.com
emusk@tesla.com, cricardama@tesla.com
cricardama@tesla.com, emusk@tesla.com
emusk@tesla.com, cricardama@tesla.com
cricardama@tesla.com, emusk@tesla.com
emusk@tesla.com, cricardama@tesla.com
cricardama@tesla.com, emusk@tesla.com
emusk@tesla.com, cricardama@tesla.com
cricardama@tesla.com, emusk@tesla.com
emusk@tesla.com, cricardama@tesla.com
cricardama@tesla.com, emusk@tesla.com
emusk@tesla.com, amanara@tesla.com
amanara@tesla.com, emusk@tesla.com
emusk@tesla.com, amanara@tesla.com
amanara@tesla.com, emusk@tesla.com
emusk@tesla.com, amanara@tesla.com
amanara@tesla.com, emusk@tesla.com
emusk@tesla.com, amanara@tesla.com
amanara@tesla.com, emusk@tesla.com
emusk@tesla.com, amanara@tesla.com
amanara@tesla.com, emusk@tesla.com
emusk@tesla.com, amanara@tesla.com
amanara@tesla.com, emusk@tesla.com
emusk@tesla.com, amanara@tesla.com
amanara@tesla.com, emusk@tesla.com
emusk@tesla.com, amanara@tesla.com
amanara@tesla.com, emusk@tesla.com
emusk@tesla.com, amanara@tesla.com
amanara@tesla.com, emusk@tesla.com
emusk@tesla.com, amanara@tesla.com
amanara@tesla.com, emusk@tesla.com
emusk@tesla.com, amanara@tesla.com
amanara@tesla.com, emusk@tesla.com
emusk@tesla.com, amanara@tesla.com
amanara@tesla.com, emusk@tesla.com
emusk@tesla.com, amanara@tesla.com
amanara@tesla.com, emusk@tesla.com
emusk@tesla.com, amanara@tesla.com
amanara@tesla.com, emusk@tesla.com
emusk@tesla.com, amanara@tesla.com
amanara@tesla.com, emusk@tesla.com
emusk@tesla.com, amanara@tesla.com
amanara@tesla.com, emusk@tesla.com
emusk@tesla.com, amanara@tesla.com
amanara@tesla.com, emusk@tesla.com
emusk@tesla.com, amanara@tesla.com
amanara@tesla.com, emusk@tesla.com
emusk@tesla.com, amanara@tesla.com
amanara@tesla.com, emusk@tesla.com
emusk@tesla.com, amanara@tesla.com
amanara@tesla.com, emusk@tesla.com
emusk@tesla.com, amanara@tesla.com
amanara@tesla.com, emusk@tesla.com
emusk@tesla.com, amanara@tesla.com
amanara@tesla.com, emusk@tesla.com
emusk@tesla.com, amanara@tesla.com
amanara@tesla.com, emusk@tesla.com
emusk@tesla.com, amanara@tesla.com
emusk@tesla.com, yreahard@tesla.com
yreahard@tesla.com, emusk@tesla.com
emusk@tesla.com, yreahard@tesla.com
yreahard@tesla.com, emusk@tesla.com
emusk@tesla.com, yreahard@tesla.com
yreahard@tesla.com, emusk@tesla.com
emusk@tesla.com, yreahard@tesla.com
yreahard@tesla.com, emusk@tesla.com
emusk@tesla.com, yreahard@tesla.com
yreahard@tesla.com, emusk@tesla.com
emusk@tesla.com, yreahard@tesla.com
yreahard@tesla.com, emusk@tesla.com
emusk@tesla.com, yreahard@tesla.com
yreahard@tesla.com, emusk@tesla.com
emusk@tesla.com, yreahard@tesla.com
yreahard@tesla.com, emusk@tesla.com
emusk@tesla.com, yreahard@tesla.com
yreahard@tesla.com, emusk@tesla.com
emusk@tesla.com, yreahard@tesla.com
yreahard@tesla.com, emusk@tesla.com
emusk@tesla.com, yreahard@tesla.com
yreahard@tesla.com, emusk@tesla.com
emusk@tesla.com, yreahard@tesla.com
yreahard@tesla.com, emusk@tesla.com
emusk@tesla.com, yreahard@tesla.com
yreahard@tesla.com, emusk@tesla.com
emusk@tesla.com, yreahard@tesla.com
yreahard@tesla.com, emusk@tesla.com
emusk@tesla.com, yreahard@tesla.com
yreahard@tesla.com, emusk@tesla.com
emusk@tesla.com, rfablan@tesla.com
rfablan@tesla.com, emusk@tesla.com
emusk@tesla.com, rfablan@tesla.com
rfablan@tesla.com, emusk@tesla.com
emusk@tesla.com, rfablan@tesla.com
rfablan@tesla.com, emusk@tesla.com
emusk@tesla.com, rfablan@tesla.com
rfablan@tesla.com, emusk@tesla.com
emusk@tesla.com, rfablan@tesla.com
rfablan@tesla.com, emusk@tesla.com
emusk@tesla.com, rfablan@tesla.com
rfablan@tesla.com, emusk@tesla.com
emusk@tesla.com, rfablan@tesla.com
rfablan@tesla.com, emusk@tesla.com
emusk@tesla.com, rfablan@tesla.com
rfablan@tesla.com, emusk@tesla.com
emusk@tesla.com, rfablan@tesla.com
rfablan@tesla.com, emusk@tesla.com
emusk@tesla.com, rfablan@tesla.com
rfablan@tesla.com, emusk@tesla.com
emusk@tesla.com, rfablan@tesla.com
rfablan@tesla.com, emusk@tesla.com
emusk@tesla.com, rfablan@tesla.com
rfablan@tesla.com, emusk@tesla.com
emusk@tesla.com, rfablan@tesla.com
rfablan@tesla.com, emusk@tesla.com
emusk@tesla.com, rfablan@tesla.com
rfablan@tesla.com, emusk@tesla.com
emusk@tesla.com, rfablan@tesla.com
rfablan@tesla.com, emusk@tesla.com
emusk@tesla.com, rfablan@tesla.com
rfablan@tesla.com, emusk@tesla.com
emusk@tesla.com, rfablan@tesla.com
rfablan@tesla.com, emusk@tesla.com
emusk@tesla.com, rfablan@tesla.com
rfablan@tesla.com, emusk@tesla.com
emusk@tesla.com, rfablan@tesla.com
rfablan@tesla.com, emusk@tesla.com
emusk@tesla.com, rfablan@tesla.com
rfablan@tesla.com, emusk@tesla.com
emusk@tesla.com, rfablan@tesla.com
rfablan@tesla.com, emusk@tesla.com
emusk@tesla.com, rfablan@tesla.com
rfablan@tesla.com, emusk@tesla.com
emusk@tesla.com, rfablan@tesla.com
rfablan@tesla.com, emusk@tesla.com
emusk@tesla.com, rfablan@tesla.com
rfablan@tesla.com, emusk@tesla.com
emusk@tesla.com, rfablan@tesla.com
helpdesk@tesla.com, isamuelson@tesla.com
isamuelson@tesla.com, helpdesk@tesla.com
helpdesk@tesla.com, isamuelson@tesla.com
isamuelson@tesla.com, helpdesk@tesla.com
helpdesk@tesla.com, isamuelson@tesla.com
isamuelson@tesla.com, helpdesk@tesla.com
helpdesk@tesla.com, isamuelson@tesla.com
isamuelson@tesla.com, helpdesk@tesla.com
helpdesk@tesla.com, isamuelson@tesla.com
isamuelson@tesla.com, helpdesk@tesla.com
helpdesk@tesla.com, isamuelson@tesla.com
isamuelson@tesla.com, helpdesk@tesla.com
helpdesk@tesla.com, isamuelson@tesla.com
helpdesk@tesla.com, lternan@tesla.com
lternan@tesla.com, helpdesk@tesla.com
helpdesk@tesla.com, lternan@tesla.com
lternan@tesla.com, helpdesk@tesla.com
helpdesk@tesla.com, lternan@tesla.com
lternan@tesla.com, helpdesk@tesla.com
helpdesk@tesla.com, lternan@tesla.com
lternan@tesla.com, helpdesk@tesla.com
helpdesk@tesla.com, aibrahim@tesla.com
aibrahim@tesla.com, helpdesk@tesla.com
helpdesk@tesla.com, aibrahim@tesla.com
aibrahim@tesla.com, helpdesk@tesla.com
helpdesk@tesla.com, aibrahim@tesla.com
aibrahim@tesla.com, helpdesk@tesla.com
helpdesk@tesla.com, iteddy@tesla.com
iteddy@tesla.com, helpdesk@tesla.com
helpdesk@tesla.com, iteddy@tesla.com
iteddy@tesla.com, helpdesk@tesla.com
helpdesk@tesla.com, iteddy@tesla.com
iteddy@tesla.com, helpdesk@tesla.com
helpdesk@tesla.com, iteddy@tesla.com
iteddy@tesla.com, helpdesk@tesla.com
helpdesk@tesla.com, iteddy@tesla.com
iteddy@tesla.com, helpdesk@tesla.com
helpdesk@tesla.com, iteddy@tesla.com
iteddy@tesla.com, helpdesk@tesla.com
helpdesk@tesla.com, iteddy@tesla.com
iteddy@tesla.com, helpdesk@tesla.com
helpdesk@tesla.com, iteddy@tesla.com
iteddy@tesla.com, helpdesk@tesla.com
helpdesk@tesla.com, iteddy@tesla.com
iteddy@tesla.com, helpdesk@tesla.com
helpdesk@tesla.com, iteddy@tesla.com
iteddy@tesla.com, helpdesk@tesla.com
helpdesk@tesla.com, lchangaris@tesla.com
lchangaris@tesla.com, helpdesk@tesla.com
helpdesk@tesla.com, lchangaris@tesla.com
lchangaris@tesla.com, helpdesk@tesla.com
helpdesk@tesla.com, lchangaris@tesla.com
lchangaris@tesla.com, helpdesk@tesla.com
helpdesk@tesla.com, lchangaris@tesla.com
lchangaris@tesla.com, helpdesk@tesla.com
helpdesk@tesla.com, lchangaris@tesla.com
lchangaris@tesla.com, helpdesk@tesla.com
helpdesk@tesla.com, lchangaris@tesla.com
lchangaris@tesla.com, helpdesk@tesla.com
helpdesk@tesla.com, lchangaris@tesla.com
lchangaris@tesla.com, helpdesk@tesla.com
helpdesk@tesla.com, aeverara@tesla.com
aeverara@tesla.com, helpdesk@tesla.com
helpdesk@tesla.com, aeverara@tesla.com
aeverara@tesla.com, helpdesk@tesla.com
helpdesk@tesla.com, aeverara@tesla.com
helpdesk@tesla.com, rbelding@tesla.com
rbelding@tesla.com, helpdesk@tesla.com
helpdesk@tesla.com, rbelding@tesla.com
rbelding@tesla.com, helpdesk@tesla.com
helpdesk@tesla.com, rbelding@tesla.com
rbelding@tesla.com, helpdesk@tesla.com
helpdesk@tesla.com, rbelding@tesla.com
rbelding@tesla.com, helpdesk@tesla.com
helpdesk@tesla.com, ecoriss@tesla.com
ecoriss@tesla.com, helpdesk@tesla.com
helpdesk@tesla.com, ecoriss@tesla.com
ecoriss@tesla.com, helpdesk@tesla.com
helpdesk@tesla.com, ecoriss@tesla.com
ecoriss@tesla.com, helpdesk@tesla.com
helpdesk@tesla.com, ecoriss@tesla.com
helpdesk@tesla.com, rhekker@tesla.com
rhekker@tesla.com, helpdesk@tesla.com
helpdesk@tesla.com, rhekker@tesla.com
rhekker@tesla.com, helpdesk@tesla.com
helpdesk@tesla.com, rhekker@tesla.com
rhekker@tesla.com, helpdesk@tesla.com
helpdesk@tesla.com, rhekker@tesla.com
rhekker@tesla.com, helpdesk@tesla.com
helpdesk@tesla.com, rhekker@tesla.com
helpdesk@tesla.com, ikamp@tesla.com
ikamp@tesla.com, helpdesk@tesla.com
helpdesk@tesla.com, ikamp@tesla.com
ikamp@tesla.com, helpdesk@tesla.com
helpdesk@tesla.com, ikamp@tesla.com
ikamp@tesla.com, helpdesk@tesla.com
helpdesk@tesla.com, ikamp@tesla.com
ikamp@tesla.com, helpdesk@tesla.com
helpdesk@tesla.com, ikamp@tesla.com
ikamp@tesla.com, helpdesk@tesla.com
helpdesk@tesla.com, ikamp@tesla.com
ikamp@tesla.com, helpdesk@tesla.com
helpdesk@tesla.com, ikamp@tesla.com
ikamp@tesla.com, helpdesk@tesla.com
helpdesk@tesla.com, ikamp@tesla.com
ikamp@tesla.com, helpdesk@tesla.com
helpdesk@tesla.com, ikamp@tesla.com
ikamp@tesla.com, helpdesk@tesla.com
helpdesk@tesla.com, ldyal@tesla.com
ldyal@tesla.com, helpdesk@tesla.com
helpdesk@tesla.com, ldyal@tesla.com
ldyal@tesla.com, helpdesk@tesla.com
helpdesk@tesla.com, ldyal@tesla.com
ldyal@tesla.com, helpdesk@tesla.com
helpdesk@tesla.com, ldyal@tesla.com
ldyal@tesla.com, helpdesk@tesla.com
helpdesk@tesla.com, ldyal@tesla.com
ldyal@tesla.com, helpdesk@tesla.com
helpdesk@tesla.com, ldyal@tesla.com
ldyal@tesla.com, helpdesk@tesla.com
helpdesk@tesla.com, ldyal@tesla.com
ldyal@tesla.com, helpdesk@tesla.com
helpdesk@tesla.com, ldyal@tesla.com
ldyal@tesla.com, helpdesk@tesla.com
helpdesk@tesla.com, ldyal@tesla.com
ldyal@tesla.com, helpdesk@tesla.com
helpdesk@tesla.com, ldyal@tesla.com
helpdesk@tesla.com, amarienthal@tesla.com
amarienthal@tesla.com, helpdesk@tesla.com
helpdesk@tesla.com, amarienthal@tesla.com
amarienthal@tesla.com, helpdesk@tesla.com
helpdesk@tesla.com, amarienthal@tesla.com
amarienthal@tesla.com, helpdesk@tesla.com
helpdesk@tesla.com, amarienthal@tesla.com
amarienthal@tesla.com, helpdesk@tesla.com
helpdesk@tesla.com, amarienthal@tesla.com
amarienthal@tesla.com, helpdesk@tesla.com
helpdesk@tesla.com, amarienthal@tesla.com
amarienthal@tesla.com, helpdesk@tesla.com
helpdesk@tesla.com, amarienthal@tesla.com
helpdesk@tesla.com, ebrose@tesla.com
ebrose@tesla.com, helpdesk@tesla.com
helpdesk@tesla.com, ebrose@tesla.com
ebrose@tesla.com, helpdesk@tesla.com
helpdesk@tesla.com, ebrose@tesla.com
ebrose@tesla.com, helpdesk@tesla.com
helpdesk@tesla.com, ebrose@tesla.com
ebrose@tesla.com, helpdesk@tesla.com
helpdesk@tesla.com, ebrose@tesla.com
ebrose@tesla.com, helpdesk@tesla.com
helpdesk@tesla.com, ebrose@tesla.com
ebrose@tesla.com, helpdesk@tesla.com
helpdesk@tesla.com, ebrose@tesla.com
ebrose@tesla.com, helpdesk@tesla.com
helpdesk@tesla.com, aconchita@tesla.com
aconchita@tesla.com, helpdesk@tesla.com
helpdesk@tesla.com, aconchita@tesla.com
aconchita@tesla.com, helpdesk@tesla.com
helpdesk@tesla.com, aconchita@tesla.com
aconchita@tesla.com, helpdesk@tesla.com
helpdesk@tesla.com, aconchita@tesla.com
aconchita@tesla.com, helpdesk@tesla.com
helpdesk@tesla.com, aconchita@tesla.com
aconchita@tesla.com, helpdesk@tesla.com
helpdesk@tesla.com, aconchita@tesla.com
aconchita@tesla.com, helpdesk@tesla.com
helpdesk@tesla.com, aconchita@tesla.com
aconchita@tesla.com, helpdesk@tesla.com
helpdesk@tesla.com, aconchita@tesla.com
aconchita@tesla.com, helpdesk@tesla.com
helpdesk@tesla.com, aconchita@tesla.com
aconchita@tesla.com, helpdesk@tesla.com
helpdesk@tesla.com, aconchita@tesla.com
helpdesk@tesla.com, arichardson@tesla.com
arichardson@tesla.com, helpdesk@tesla.com
helpdesk@tesla.com, arichardson@tesla.com
arichardson@tesla.com, helpdesk@tesla.com
helpdesk@tesla.com, arichardson@tesla.com
arichardson@tesla.com, helpdesk@tesla.com
helpdesk@tesla.com, alorita@tesla.com
alorita@tesla.com, helpdesk@tesla.com
helpdesk@tesla.com, alorita@tesla.com
alorita@tesla.com, helpdesk@tesla.com
helpdesk@tesla.com, alorita@tesla.com
alorita@tesla.com, helpdesk@tesla.com
helpdesk@tesla.com, alorita@tesla.com
helpdesk@tesla.com, iylla@tesla.com
iylla@tesla.com, helpdesk@tesla.com
helpdesk@tesla.com, iylla@tesla.com
iylla@tesla.com, helpdesk@tesla.com
helpdesk@tesla.com, iylla@tesla.com
iylla@tesla.com, helpdesk@tesla.com
helpdesk@tesla.com, iylla@tesla.com
iylla@tesla.com, helpdesk@tesla.com
helpdesk@tesla.com, iylla@tesla.com
iylla@tesla.com, helpdesk@tesla.com
helpdesk@tesla.com, iylla@tesla.com
iylla@tesla.com, helpdesk@tesla.com
helpdesk@tesla.com, iylla@tesla.com
iylla@tesla.com, helpdesk@tesla.com
helpdesk@tesla.com, iylla@tesla.com
iylla@tesla.com, helpdesk@tesla.com
helpdesk@tesla.com, iylla@tesla.com
iylla@tesla.com, helpdesk@tesla.com
helpdesk@tesla.com, esoni@tesla.com
esoni@tesla.com, helpdesk@tesla.com
helpdesk@tesla.com, esoni@tesla.com
esoni@tesla.com, helpdesk@tesla.com
helpdesk@tesla.com, esoni@tesla.com
esoni@tesla.com, helpdesk@tesla.com
helpdesk@tesla.com, esoni@tesla.com
esoni@tesla.com, helpdesk@tesla.com
helpdesk@tesla.com, esoni@tesla.com
esoni@tesla.com, helpdesk@tesla.com
helpdesk@tesla.com, hvioletta@tesla.com
hvioletta@tesla.com, helpdesk@tesla.com
helpdesk@tesla.com, hvioletta@tesla.com
hvioletta@tesla.com, helpdesk@tesla.com
helpdesk@tesla.com, hvioletta@tesla.com
hvioletta@tesla.com, helpdesk@tesla.com
helpdesk@tesla.com, hvioletta@tesla.com
hvioletta@tesla.com, helpdesk@tesla.com
helpdesk@tesla.com, hvioletta@tesla.com
hvioletta@tesla.com, helpdesk@tesla.com
helpdesk@tesla.com, hvioletta@tesla.com
hvioletta@tesla.com, helpdesk@tesla.com
helpdesk@tesla.com, hvioletta@tesla.com
hvioletta@tesla.com, helpdesk@tesla.com
helpdesk@tesla.com, hvioletta@tesla.com
hvioletta@tesla.com, helpdesk@tesla.com
helpdesk@tesla.com, hvioletta@tesla.com
helpdesk@tesla.com, aeachern@tesla.com
aeachern@tesla.com, helpdesk@tesla.com
helpdesk@tesla.com, aeachern@tesla.com
aeachern@tesla.com, helpdesk@tesla.com
helpdesk@tesla.com, aeachern@tesla.com
aeachern@tesla.com, helpdesk@tesla.com
helpdesk@tesla.com, aeachern@tesla.com
helpdesk@tesla.com, esterrett@tesla.com
esterrett@tesla.com, helpdesk@tesla.com
helpdesk@tesla.com, esterrett@tesla.com
esterrett@tesla.com, helpdesk@tesla.com
helpdesk@tesla.com, esterrett@tesla.com
esterrett@tesla.com, helpdesk@tesla.com
helpdesk@tesla.com, esterrett@tesla.com
esterrett@tesla.com, helpdesk@tesla.com
helpdesk@tesla.com, esterrett@tesla.com
esterrett@tesla.com, helpdesk@tesla.com
helpdesk@tesla.com, esterrett@tesla.com
esterrett@tesla.com, helpdesk@tesla.com
helpdesk@tesla.com, esterrett@tesla.com
esterrett@tesla.com, helpdesk@tesla.com
helpdesk@tesla.com, agussman@tesla.com
agussman@tesla.com, helpdesk@tesla.com
helpdesk@tesla.com, agussman@tesla.com
agussman@tesla.com, helpdesk@tesla.com
helpdesk@tesla.com, agussman@tesla.com
agussman@tesla.com, helpdesk@tesla.com
helpdesk@tesla.com, ahrutkay@tesla.com
ahrutkay@tesla.com, helpdesk@tesla.com
helpdesk@tesla.com, ahrutkay@tesla.com
ahrutkay@tesla.com, helpdesk@tesla.com
helpdesk@tesla.com, ahrutkay@tesla.com
ahrutkay@tesla.com, helpdesk@tesla.com
helpdesk@tesla.com, ahrutkay@tesla.com
ahrutkay@tesla.com, helpdesk@tesla.com
helpdesk@tesla.com, ahrutkay@tesla.com
ahrutkay@tesla.com, helpdesk@tesla.com
helpdesk@tesla.com, ahrutkay@tesla.com
ahrutkay@tesla.com, helpdesk@tesla.com
helpdesk@tesla.com, ahrutkay@tesla.com
ahrutkay@tesla.com, helpdesk@tesla.com
helpdesk@tesla.com, ahrutkay@tesla.com
ahrutkay@tesla.com, helpdesk@tesla.com
helpdesk@tesla.com, ahrutkay@tesla.com
ahrutkay@tesla.com, helpdesk@tesla.com
helpdesk@tesla.com, ahrutkay@tesla.com
ahrutkay@tesla.com, helpdesk@tesla.com
helpdesk@tesla.com, orobbin@tesla.com
orobbin@tesla.com, helpdesk@tesla.com
helpdesk@tesla.com, orobbin@tesla.com
orobbin@tesla.com, helpdesk@tesla.com
helpdesk@tesla.com, orobbin@tesla.com
orobbin@tesla.com, helpdesk@tesla.com
helpdesk@tesla.com, orobbin@tesla.com
orobbin@tesla.com, helpdesk@tesla.com
helpdesk@tesla.com, orobbin@tesla.com
orobbin@tesla.com, helpdesk@tesla.com
helpdesk@tesla.com, orobbin@tesla.com
orobbin@tesla.com, helpdesk@tesla.com
helpdesk@tesla.com, orobbin@tesla.com
orobbin@tesla.com, helpdesk@tesla.com
helpdesk@tesla.com, orobbin@tesla.com
orobbin@tesla.com, helpdesk@tesla.com
helpdesk@tesla.com, odonatelli@tesla.com
odonatelli@tesla.com, helpdesk@tesla.com
helpdesk@tesla.com, odonatelli@tesla.com
odonatelli@tesla.com, helpdesk@tesla.com
helpdesk@tesla.com, odonatelli@tesla.com
odonatelli@tesla.com, helpdesk@tesla.com
helpdesk@tesla.com, odonatelli@tesla.com
helpdesk@tesla.com, aclaribel@tesla.com
aclaribel@tesla.com, helpdesk@tesla.com
helpdesk@tesla.com, aclaribel@tesla.com
aclaribel@tesla.com, helpdesk@tesla.com
helpdesk@tesla.com, aclaribel@tesla.com
aclaribel@tesla.com, helpdesk@tesla.com
helpdesk@tesla.com, aclaribel@tesla.com
aclaribel@tesla.com, helpdesk@tesla.com
helpdesk@tesla.com, aclaribel@tesla.com
aclaribel@tesla.com, helpdesk@tesla.com
helpdesk@tesla.com, aclaribel@tesla.com
aclaribel@tesla.com, helpdesk@tesla.com
helpdesk@tesla.com, aclaribel@tesla.com
aclaribel@tesla.com, helpdesk@tesla.com
helpdesk@tesla.com, aclaribel@tesla.com
aclaribel@tesla.com, helpdesk@tesla.com
helpdesk@tesla.com, aclaribel@tesla.com
helpdesk@tesla.com, eshelley@tesla.com
eshelley@tesla.com, helpdesk@tesla.com
helpdesk@tesla.com, eshelley@tesla.com
eshelley@tesla.com, helpdesk@tesla.com
helpdesk@tesla.com, eshelley@tesla.com
eshelley@tesla.com, helpdesk@tesla.com
helpdesk@tesla.com, eshelley@tesla.com
eshelley@tesla.com, helpdesk@tesla.com
helpdesk@tesla.com, eshelley@tesla.com
eshelley@tesla.com, helpdesk@tesla.com
helpdesk@tesla.com, eshelley@tesla.com
eshelley@tesla.com, helpdesk@tesla.com
helpdesk@tesla.com, eshelley@tesla.com
eshelley@tesla.com, helpdesk@tesla.com
helpdesk@tesla.com, eshelley@tesla.com
eshelley@tesla.com, helpdesk@tesla.com
helpdesk@tesla.com, eshelley@tesla.com
eshelley@tesla.com, helpdesk@tesla.com
helpdesk@tesla.com, rherb@tesla.com
rherb@tesla.com, helpdesk@tesla.com
helpdesk@tesla.com, rherb@tesla.com
rherb@tesla.com, helpdesk@tesla.com
helpdesk@tesla.com, rherb@tesla.com
rherb@tesla.com, helpdesk@tesla.com
helpdesk@tesla.com, anabala@tesla.com
anabala@tesla.com, helpdesk@tesla.com
helpdesk@tesla.com, anabala@tesla.com
anabala@tesla.com, helpdesk@tesla.com
helpdesk@tesla.com, anabala@tesla.com
anabala@tesla.com, helpdesk@tesla.com
helpdesk@tesla.com, anabala@tesla.com
anabala@tesla.com, helpdesk@tesla.com
helpdesk@tesla.com, anabala@tesla.com
anabala@tesla.com, helpdesk@tesla.com
helpdesk@tesla.com, rniehaus@tesla.com
rniehaus@tesla.com, helpdesk@tesla.com
helpdesk@tesla.com, rniehaus@tesla.com
rniehaus@tesla.com, helpdesk@tesla.com
helpdesk@tesla.com, rniehaus@tesla.com
helpdesk@tesla.com, atasia@tesla.com
atasia@tesla.com, helpdesk@tesla.com
helpdesk@tesla.com, atasia@tesla.com
atasia@tesla.com, helpdesk@tesla.com
helpdesk@tesla.com, atasia@tesla.com
atasia@tesla.com, helpdesk@tesla.com
helpdesk@tesla.com, atasia@tesla.com
atasia@tesla.com, helpdesk@tesla.com
helpdesk@tesla.com, atasia@tesla.com
atasia@tesla.com, helpdesk@tesla.com
helpdesk@tesla.com, atasia@tesla.com
atasia@tesla.com, helpdesk@tesla.com
helpdesk@tesla.com, atasia@tesla.com
atasia@tesla.com, helpdesk@tesla.com
helpdesk@tesla.com, atasia@tesla.com
atasia@tesla.com, helpdesk@tesla.com
helpdesk@tesla.com, nvalencia@tesla.com
nvalencia@tesla.com, helpdesk@tesla.com
helpdesk@tesla.com, nvalencia@tesla.com
nvalencia@tesla.com, helpdesk@tesla.com
helpdesk@tesla.com, nvalencia@tesla.com
nvalencia@tesla.com, helpdesk@tesla.com
helpdesk@tesla.com, nvalencia@tesla.com
nvalencia@tesla.com, helpdesk@tesla.com
helpdesk@tesla.com, nvalencia@tesla.com
nvalencia@tesla.com, helpdesk@tesla.com
helpdesk@tesla.com, nvalencia@tesla.com
nvalencia@tesla.com, helpdesk@tesla.com
helpdesk@tesla.com, aclaribel@tesla.com
aclaribel@tesla.com, helpdesk@tesla.com
helpdesk@tesla.com, aclaribel@tesla.com
aclaribel@tesla.com, helpdesk@tesla.com
helpdesk@tesla.com, aclaribel@tesla.com
aclaribel@tesla.com, helpdesk@tesla.com
helpdesk@tesla.com, aclaribel@tesla.com
aclaribel@tesla.com, helpdesk@tesla.com
helpdesk@tesla.com, aclaribel@tesla.com
aclaribel@tesla.com, helpdesk@tesla.com
helpdesk@tesla.com, aclaribel@tesla.com
helpdesk@tesla.com, ladrien@tesla.com
ladrien@tesla.com, helpdesk@tesla.com
helpdesk@tesla.com, ladrien@tesla.com
ladrien@tesla.com, helpdesk@tesla.com
helpdesk@tesla.com, ladrien@tesla.com
ladrien@tesla.com, helpdesk@tesla.com
helpdesk@tesla.com, ladrien@tesla.com
ladrien@tesla.com, helpdesk@tesla.com
helpdesk@tesla.com, ladrien@tesla.com
ladrien@tesla.com, helpdesk@tesla.com
helpdesk@tesla.com, ladrien@tesla.com
ladrien@tesla.com, helpdesk@tesla.com
helpdesk@tesla.com, lcorney@tesla.com
lcorney@tesla.com, helpdesk@tesla.com
helpdesk@tesla.com, lcorney@tesla.com
lcorney@tesla.com, helpdesk@tesla.com
helpdesk@tesla.com, lcorney@tesla.com
lcorney@tesla.com, helpdesk@tesla.com
helpdesk@tesla.com, lcorney@tesla.com
lcorney@tesla.com, helpdesk@tesla.com
helpdesk@tesla.com, lcorney@tesla.com
lcorney@tesla.com, helpdesk@tesla.com
helpdesk@tesla.com, lcorney@tesla.com
lcorney@tesla.com, helpdesk@tesla.com
helpdesk@tesla.com, lcorney@tesla.com
lcorney@tesla.com, helpdesk@tesla.com
helpdesk@tesla.com, lcorney@tesla.com
helpdesk@tesla.com, aolaf@tesla.com
aolaf@tesla.com, helpdesk@tesla.com
helpdesk@tesla.com, aolaf@tesla.com
aolaf@tesla.com, helpdesk@tesla.com
helpdesk@tesla.com, aolaf@tesla.com
aolaf@tesla.com, helpdesk@tesla.com
helpdesk@tesla.com, aolaf@tesla.com
aolaf@tesla.com, helpdesk@tesla.com
helpdesk@tesla.com, aolaf@tesla.com
aolaf@tesla.com, helpdesk@tesla.com
helpdesk@tesla.com, aolaf@tesla.com
helpdesk@tesla.com, csayer@tesla.com
csayer@tesla.com, helpdesk@tesla.com
helpdesk@tesla.com, csayer@tesla.com
csayer@tesla.com, helpdesk@tesla.com
helpdesk@tesla.com, csayer@tesla.com
csayer@tesla.com, helpdesk@tesla.com
helpdesk@tesla.com, csayer@tesla.com
csayer@tesla.com, helpdesk@tesla.com
helpdesk@tesla.com, csayer@tesla.com
csayer@tesla.com, helpdesk@tesla.com
helpdesk@tesla.com, csayer@tesla.com
csayer@tesla.com, helpdesk@tesla.com
helpdesk@tesla.com, csayer@tesla.com
csayer@tesla.com, helpdesk@tesla.com
helpdesk@tesla.com, csayer@tesla.com
csayer@tesla.com, helpdesk@tesla.com
helpdesk@tesla.com, csayer@tesla.com
csayer@tesla.com, helpdesk@tesla.com
helpdesk@tesla.com, csayer@tesla.com
helpdesk@tesla.com, oloutitia@tesla.com
oloutitia@tesla.com, helpdesk@tesla.com
helpdesk@tesla.com, oloutitia@tesla.com
oloutitia@tesla.com, helpdesk@tesla.com
helpdesk@tesla.com, oloutitia@tesla.com
oloutitia@tesla.com, helpdesk@tesla.com
helpdesk@tesla.com, oloutitia@tesla.com
oloutitia@tesla.com, helpdesk@tesla.com
helpdesk@tesla.com, oloutitia@tesla.com
oloutitia@tesla.com, helpdesk@tesla.com
helpdesk@tesla.com, oloutitia@tesla.com
oloutitia@tesla.com, helpdesk@tesla.com
helpdesk@tesla.com, oloutitia@tesla.com
oloutitia@tesla.com, helpdesk@tesla.com
helpdesk@tesla.com, oloutitia@tesla.com
oloutitia@tesla.com, helpdesk@tesla.com
helpdesk@tesla.com, eanyah@tesla.com
eanyah@tesla.com, helpdesk@tesla.com
helpdesk@tesla.com, eanyah@tesla.com
eanyah@tesla.com, helpdesk@tesla.com
helpdesk@tesla.com, eanyah@tesla.com
eanyah@tesla.com, helpdesk@tesla.com
helpdesk@tesla.com, eanyah@tesla.com
eanyah@tesla.com, helpdesk@tesla.com
helpdesk@tesla.com, eanyah@tesla.com
eanyah@tesla.com, helpdesk@tesla.com
helpdesk@tesla.com, eanyah@tesla.com
eanyah@tesla.com, helpdesk@tesla.com
helpdesk@tesla.com, eanyah@tesla.com
eanyah@tesla.com, helpdesk@tesla.com
helpdesk@tesla.com, eanyah@tesla.com
helpdesk@tesla.com, apearlstein@tesla.com
apearlstein@tesla.com, helpdesk@tesla.com
helpdesk@tesla.com, apearlstein@tesla.com
apearlstein@tesla.com, helpdesk@tesla.com
helpdesk@tesla.com, apearlstein@tesla.com
apearlstein@tesla.com, helpdesk@tesla.com
helpdesk@tesla.com, apearlstein@tesla.com
apearlstein@tesla.com, helpdesk@tesla.com
helpdesk@tesla.com, apearlstein@tesla.com
apearlstein@tesla.com, helpdesk@tesla.com
helpdesk@tesla.com, aeskil@tesla.com
aeskil@tesla.com, helpdesk@tesla.com
helpdesk@tesla.com, aeskil@tesla.com
aeskil@tesla.com, helpdesk@tesla.com
helpdesk@tesla.com, aeskil@tesla.com
aeskil@tesla.com, helpdesk@tesla.com
helpdesk@tesla.com, aeskil@tesla.com
aeskil@tesla.com, helpdesk@tesla.com
helpdesk@tesla.com, aeskil@tesla.com
aeskil@tesla.com, helpdesk@tesla.com
helpdesk@tesla.com, aeskil@tesla.com
aeskil@tesla.com, helpdesk@tesla.com
helpdesk@tesla.com, aeskil@tesla.com
aeskil@tesla.com, helpdesk@tesla.com
helpdesk@tesla.com, aeskil@tesla.com
aeskil@tesla.com, helpdesk@tesla.com
helpdesk@tesla.com, aeskil@tesla.com
helpdesk@tesla.com, ljapha@tesla.com
ljapha@tesla.com, helpdesk@tesla.com
helpdesk@tesla.com, ljapha@tesla.com
ljapha@tesla.com, helpdesk@tesla.com
helpdesk@tesla.com, ljapha@tesla.com
ljapha@tesla.com, helpdesk@tesla.com
helpdesk@tesla.com, ljapha@tesla.com
ljapha@tesla.com, helpdesk@tesla.com
helpdesk@tesla.com, ngaillard@tesla.com
ngaillard@tesla.com, helpdesk@tesla.com
helpdesk@tesla.com, ngaillard@tesla.com
ngaillard@tesla.com, helpdesk@tesla.com
helpdesk@tesla.com, ngaillard@tesla.com
ngaillard@tesla.com, helpdesk@tesla.com
helpdesk@tesla.com, ngaillard@tesla.com
ngaillard@tesla.com, helpdesk@tesla.com
helpdesk@tesla.com, ngaillard@tesla.com
ngaillard@tesla.com, helpdesk@tesla.com
helpdesk@tesla.com, ngaillard@tesla.com
ngaillard@tesla.com, helpdesk@tesla.com
helpdesk@tesla.com, ngaillard@tesla.com
ngaillard@tesla.com, helpdesk@tesla.com
helpdesk@tesla.com, ngaillard@tesla.com
ngaillard@tesla.com, helpdesk@tesla.com
helpdesk@tesla.com, ngaillard@tesla.com
helpdesk@tesla.com, rhalli@tesla.com
rhalli@tesla.com, helpdesk@tesla.com
helpdesk@tesla.com, rhalli@tesla.com
rhalli@tesla.com, helpdesk@tesla.com
helpdesk@tesla.com, rhalli@tesla.com
helpdesk@tesla.com, avalentijn@tesla.com
avalentijn@tesla.com, helpdesk@tesla.com
helpdesk@tesla.com, avalentijn@tesla.com
avalentijn@tesla.com, helpdesk@tesla.com
helpdesk@tesla.com, avalentijn@tesla.com
avalentijn@tesla.com, helpdesk@tesla.com
helpdesk@tesla.com, avalentijn@tesla.com
avalentijn@tesla.com, helpdesk@tesla.com
helpdesk@tesla.com, avalentijn@tesla.com
avalentijn@tesla.com, helpdesk@tesla.com
helpdesk@tesla.com, avalentijn@tesla.com
avalentijn@tesla.com, helpdesk@tesla.com
helpdesk@tesla.com, avalentijn@tesla.com
avalentijn@tesla.com, helpdesk@tesla.com
helpdesk@tesla.com, avalentijn@tesla.com
avalentijn@tesla.com, helpdesk@tesla.com
helpdesk@tesla.com, avalentijn@tesla.com
avalentijn@tesla.com, helpdesk@tesla.com
helpdesk@tesla.com, dpeterec@tesla.com
dpeterec@tesla.com, helpdesk@tesla.com
helpdesk@tesla.com, dpeterec@tesla.com
dpeterec@tesla.com, helpdesk@tesla.com
helpdesk@tesla.com, dpeterec@tesla.com
dpeterec@tesla.com, helpdesk@tesla.com
helpdesk@tesla.com, dpeterec@tesla.com
dpeterec@tesla.com, helpdesk@tesla.com
helpdesk@tesla.com, dpeterec@tesla.com
dpeterec@tesla.com, helpdesk@tesla.com
helpdesk@tesla.com, acarlynne@tesla.com
acarlynne@tesla.com, helpdesk@tesla.com
helpdesk@tesla.com, acarlynne@tesla.com
acarlynne@tesla.com, helpdesk@tesla.com
helpdesk@tesla.com, acarlynne@tesla.com
helpdesk@tesla.com, ochristina@tesla.com
ochristina@tesla.com, helpdesk@tesla.com
helpdesk@tesla.com, ochristina@tesla.com
ochristina@tesla.com, helpdesk@tesla.com
helpdesk@tesla.com, ochristina@tesla.com
helpdesk@tesla.com, amichail@tesla.com
amichail@tesla.com, helpdesk@tesla.com
helpdesk@tesla.com, amichail@tesla.com
amichail@tesla.com, helpdesk@tesla.com
helpdesk@tesla.com, amichail@tesla.com
amichail@tesla.com, helpdesk@tesla.com
helpdesk@tesla.com, amichail@tesla.com
amichail@tesla.com, helpdesk@tesla.com
helpdesk@tesla.com, amichail@tesla.com
amichail@tesla.com, helpdesk@tesla.com
helpdesk@tesla.com, amichail@tesla.com
amichail@tesla.com, helpdesk@tesla.com
helpdesk@tesla.com, amichail@tesla.com
amichail@tesla.com, helpdesk@tesla.com
helpdesk@tesla.com, amichail@tesla.com
amichail@tesla.com, helpdesk@tesla.com
helpdesk@tesla.com, amichail@tesla.com
amichail@tesla.com, helpdesk@tesla.com
helpdesk@tesla.com, amichail@tesla.com
helpdesk@tesla.com, ichristis@tesla.com
ichristis@tesla.com, helpdesk@tesla.com
helpdesk@tesla.com, ichristis@tesla.com
ichristis@tesla.com, helpdesk@tesla.com
helpdesk@tesla.com, ichristis@tesla.com
ichristis@tesla.com, helpdesk@tesla.com
helpdesk@tesla.com, ichristis@tesla.com
ichristis@tesla.com, helpdesk@tesla.com
helpdesk@tesla.com, ichristis@tesla.com
ichristis@tesla.com, helpdesk@tesla.com
helpdesk@tesla.com, ichristis@tesla.com
ichristis@tesla.com, helpdesk@tesla.com
helpdesk@tesla.com, ichristis@tesla.com
ichristis@tesla.com, helpdesk@tesla.com
helpdesk@tesla.com, ichristis@tesla.com
ichristis@tesla.com, helpdesk@tesla.com
helpdesk@tesla.com, ichristis@tesla.com
ichristis@tesla.com, helpdesk@tesla.com
helpdesk@tesla.com, aellyn@tesla.com
aellyn@tesla.com, helpdesk@tesla.com
helpdesk@tesla.com, aellyn@tesla.com
aellyn@tesla.com, helpdesk@tesla.com
helpdesk@tesla.com, aellyn@tesla.com
aellyn@tesla.com, helpdesk@tesla.com
helpdesk@tesla.com, aellyn@tesla.com
aellyn@tesla.com, helpdesk@tesla.com
helpdesk@tesla.com, aellyn@tesla.com
aellyn@tesla.com, helpdesk@tesla.com
helpdesk@tesla.com, aellyn@tesla.com
helpdesk@tesla.com, aleandro@tesla.com
aleandro@tesla.com, helpdesk@tesla.com
helpdesk@tesla.com, aleandro@tesla.com
aleandro@tesla.com, helpdesk@tesla.com
helpdesk@tesla.com, aleandro@tesla.com
aleandro@tesla.com, helpdesk@tesla.com
helpdesk@tesla.com, aleandro@tesla.com
aleandro@tesla.com, helpdesk@tesla.com
helpdesk@tesla.com, aleandro@tesla.com
helpdesk@tesla.com, eadalheid@tesla.com
eadalheid@tesla.com, helpdesk@tesla.com
helpdesk@tesla.com, eadalheid@tesla.com
eadalheid@tesla.com, helpdesk@tesla.com
helpdesk@tesla.com, eadalheid@tesla.com
eadalheid@tesla.com, helpdesk@tesla.com
helpdesk@tesla.com, esatterfield@tesla.com
esatterfield@tesla.com, helpdesk@tesla.com
helpdesk@tesla.com, esatterfield@tesla.com
esatterfield@tesla.com, helpdesk@tesla.com
helpdesk@tesla.com, esatterfield@tesla.com
esatterfield@tesla.com, helpdesk@tesla.com
helpdesk@tesla.com, esatterfield@tesla.com
esatterfield@tesla.com, helpdesk@tesla.com
helpdesk@tesla.com, esatterfield@tesla.com
esatterfield@tesla.com, helpdesk@tesla.com
helpdesk@tesla.com, esatterfield@tesla.com
esatterfield@tesla.com, helpdesk@tesla.com
helpdesk@tesla.com, esatterfield@tesla.com
esatterfield@tesla.com, helpdesk@tesla.com
helpdesk@tesla.com, atamiko@tesla.com
atamiko@tesla.com, helpdesk@tesla.com
helpdesk@tesla.com, atamiko@tesla.com
atamiko@tesla.com, helpdesk@tesla.com
helpdesk@tesla.com, atamiko@tesla.com
atamiko@tesla.com, helpdesk@tesla.com
helpdesk@tesla.com, atamiko@tesla.com
atamiko@tesla.com, helpdesk@tesla.com
helpdesk@tesla.com, atamiko@tesla.com
atamiko@tesla.com, helpdesk@tesla.com
helpdesk@tesla.com, atamiko@tesla.com
atamiko@tesla.com, helpdesk@tesla.com
helpdesk@tesla.com, opaz@tesla.com
opaz@tesla.com, helpdesk@tesla.com
helpdesk@tesla.com, opaz@tesla.com
opaz@tesla.com, helpdesk@tesla.com
helpdesk@tesla.com, opaz@tesla.com
opaz@tesla.com, helpdesk@tesla.com
helpdesk@tesla.com, opaz@tesla.com
opaz@tesla.com, helpdesk@tesla.com
helpdesk@tesla.com, opaz@tesla.com
opaz@tesla.com, helpdesk@tesla.com
helpdesk@tesla.com, opaz@tesla.com
opaz@tesla.com, helpdesk@tesla.com
helpdesk@tesla.com, opaz@tesla.com
opaz@tesla.com, helpdesk@tesla.com
helpdesk@tesla.com, opaz@tesla.com
opaz@tesla.com, helpdesk@tesla.com
helpdesk@tesla.com, opaz@tesla.com
opaz@tesla.com, helpdesk@tesla.com
helpdesk@tesla.com, epoucher@tesla.com
epoucher@tesla.com, helpdesk@tesla.com
helpdesk@tesla.com, epoucher@tesla.com
epoucher@tesla.com, helpdesk@tesla.com
helpdesk@tesla.com, epoucher@tesla.com
epoucher@tesla.com, helpdesk@tesla.com
helpdesk@tesla.com, epoucher@tesla.com
epoucher@tesla.com, helpdesk@tesla.com
helpdesk@tesla.com, epoucher@tesla.com
helpdesk@tesla.com, ljapha@tesla.com
ljapha@tesla.com, helpdesk@tesla.com
helpdesk@tesla.com, ljapha@tesla.com
ljapha@tesla.com, helpdesk@tesla.com
helpdesk@tesla.com, ljapha@tesla.com
ljapha@tesla.com, helpdesk@tesla.com
helpdesk@tesla.com, ljapha@tesla.com
ljapha@tesla.com, helpdesk@tesla.com
helpdesk@tesla.com, ljapha@tesla.com
ljapha@tesla.com, helpdesk@tesla.com
helpdesk@tesla.com, ljapha@tesla.com
ljapha@tesla.com, helpdesk@tesla.com
helpdesk@tesla.com, ljapha@tesla.com
helpdesk@tesla.com, ldyal@tesla.com
ldyal@tesla.com, helpdesk@tesla.com
helpdesk@tesla.com, ldyal@tesla.com
ldyal@tesla.com, helpdesk@tesla.com
helpdesk@tesla.com, ldyal@tesla.com
ldyal@tesla.com, helpdesk@tesla.com
helpdesk@tesla.com, ldyal@tesla.com
ldyal@tesla.com, helpdesk@tesla.com
helpdesk@tesla.com, ldyal@tesla.com
ldyal@tesla.com, helpdesk@tesla.com
helpdesk@tesla.com, ldyal@tesla.com
ldyal@tesla.com, helpdesk@tesla.com
helpdesk@tesla.com, iray@tesla.com
iray@tesla.com, helpdesk@tesla.com
helpdesk@tesla.com, iray@tesla.com
iray@tesla.com, helpdesk@tesla.com
helpdesk@tesla.com, iray@tesla.com
iray@tesla.com, helpdesk@tesla.com
helpdesk@tesla.com, iray@tesla.com
helpdesk@tesla.com, erajewski@tesla.com
erajewski@tesla.com, helpdesk@tesla.com
helpdesk@tesla.com, erajewski@tesla.com
erajewski@tesla.com, helpdesk@tesla.com
helpdesk@tesla.com, erajewski@tesla.com
erajewski@tesla.com, helpdesk@tesla.com
helpdesk@tesla.com, erajewski@tesla.com
erajewski@tesla.com, helpdesk@tesla.com
helpdesk@tesla.com, erajewski@tesla.com
erajewski@tesla.com, helpdesk@tesla.com
helpdesk@tesla.com, erajewski@tesla.com
erajewski@tesla.com, helpdesk@tesla.com
helpdesk@tesla.com, erajewski@tesla.com
erajewski@tesla.com, helpdesk@tesla.com
helpdesk@tesla.com, erajewski@tesla.com
erajewski@tesla.com, helpdesk@tesla.com
helpdesk@tesla.com, erajewski@tesla.com
helpdesk@tesla.com, adweck@tesla.com
adweck@tesla.com, helpdesk@tesla.com
helpdesk@tesla.com, adweck@tesla.com
adweck@tesla.com, helpdesk@tesla.com
helpdesk@tesla.com, adweck@tesla.com
adweck@tesla.com, helpdesk@tesla.com
helpdesk@tesla.com, adweck@tesla.com
adweck@tesla.com, helpdesk@tesla.com
helpdesk@tesla.com, emuscolo@tesla.com
emuscolo@tesla.com, helpdesk@tesla.com
helpdesk@tesla.com, emuscolo@tesla.com
emuscolo@tesla.com, helpdesk@tesla.com
helpdesk@tesla.com, emuscolo@tesla.com
emuscolo@tesla.com, helpdesk@tesla.com
helpdesk@tesla.com, emuscolo@tesla.com
emuscolo@tesla.com, helpdesk@tesla.com
helpdesk@tesla.com, emuscolo@tesla.com
emuscolo@tesla.com, helpdesk@tesla.com
helpdesk@tesla.com, emuscolo@tesla.com
emuscolo@tesla.com, helpdesk@tesla.com
helpdesk@tesla.com, emuscolo@tesla.com
emuscolo@tesla.com, helpdesk@tesla.com
helpdesk@tesla.com, emuscolo@tesla.com
emuscolo@tesla.com, helpdesk@tesla.com
helpdesk@tesla.com, emuscolo@tesla.com
helpdesk@tesla.com, acyprus@tesla.com
acyprus@tesla.com, helpdesk@tesla.com
helpdesk@tesla.com, acyprus@tesla.com
acyprus@tesla.com, helpdesk@tesla.com
helpdesk@tesla.com, acyprus@tesla.com
acyprus@tesla.com, helpdesk@tesla.com
helpdesk@tesla.com, acyprus@tesla.com
acyprus@tesla.com, helpdesk@tesla.com
helpdesk@tesla.com, acyprus@tesla.com
acyprus@tesla.com, helpdesk@tesla.com
helpdesk@tesla.com, acyprus@tesla.com
acyprus@tesla.com, helpdesk@tesla.com
helpdesk@tesla.com, acyprus@tesla.com
acyprus@tesla.com, helpdesk@tesla.com
helpdesk@tesla.com, hanstice@tesla.com
hanstice@tesla.com, helpdesk@tesla.com
helpdesk@tesla.com, hanstice@tesla.com
hanstice@tesla.com, helpdesk@tesla.com
helpdesk@tesla.com, hanstice@tesla.com
hanstice@tesla.com, helpdesk@tesla.com
helpdesk@tesla.com, hanstice@tesla.com
hanstice@tesla.com, helpdesk@tesla.com
helpdesk@tesla.com, hanstice@tesla.com
hanstice@tesla.com, helpdesk@tesla.com
helpdesk@tesla.com, hanstice@tesla.com
hanstice@tesla.com, helpdesk@tesla.com
helpdesk@tesla.com, hanstice@tesla.com
hanstice@tesla.com, helpdesk@tesla.com
helpdesk@tesla.com, hanstice@tesla.com
helpdesk@tesla.com, igiacinta@tesla.com
igiacinta@tesla.com, helpdesk@tesla.com
helpdesk@tesla.com, igiacinta@tesla.com
igiacinta@tesla.com, helpdesk@tesla.com
helpdesk@tesla.com, igiacinta@tesla.com
igiacinta@tesla.com, helpdesk@tesla.com
helpdesk@tesla.com, igiacinta@tesla.com
igiacinta@tesla.com, helpdesk@tesla.com
helpdesk@tesla.com, igiacinta@tesla.com
igiacinta@tesla.com, helpdesk@tesla.com
helpdesk@tesla.com, igiacinta@tesla.com
igiacinta@tesla.com, helpdesk@tesla.com
helpdesk@tesla.com, igiacinta@tesla.com
igiacinta@tesla.com, helpdesk@tesla.com
helpdesk@tesla.com, igiacinta@tesla.com
igiacinta@tesla.com, helpdesk@tesla.com
helpdesk@tesla.com, igiacinta@tesla.com
igiacinta@tesla.com, helpdesk@tesla.com
helpdesk@tesla.com, enorvil@tesla.com
enorvil@tesla.com, helpdesk@tesla.com
helpdesk@tesla.com, enorvil@tesla.com
enorvil@tesla.com, helpdesk@tesla.com
helpdesk@tesla.com, enorvil@tesla.com
enorvil@tesla.com, helpdesk@tesla.com
helpdesk@tesla.com, enorvil@tesla.com
enorvil@tesla.com, helpdesk@tesla.com
helpdesk@tesla.com, uosbourn@tesla.com
uosbourn@tesla.com, helpdesk@tesla.com
helpdesk@tesla.com, uosbourn@tesla.com
uosbourn@tesla.com, helpdesk@tesla.com
helpdesk@tesla.com, uosbourn@tesla.com
uosbourn@tesla.com, helpdesk@tesla.com
helpdesk@tesla.com, uosbourn@tesla.com
helpdesk@tesla.com, lchangaris@tesla.com
lchangaris@tesla.com, helpdesk@tesla.com
helpdesk@tesla.com, lchangaris@tesla.com
lchangaris@tesla.com, helpdesk@tesla.com
helpdesk@tesla.com, lchangaris@tesla.com
lchangaris@tesla.com, helpdesk@tesla.com
helpdesk@tesla.com, lchangaris@tesla.com
lchangaris@tesla.com, helpdesk@tesla.com
helpdesk@tesla.com, lchangaris@tesla.com
lchangaris@tesla.com, helpdesk@tesla.com
helpdesk@tesla.com, lchangaris@tesla.com
lchangaris@tesla.com, helpdesk@tesla.com
helpdesk@tesla.com, lchangaris@tesla.com
lchangaris@tesla.com, helpdesk@tesla.com
helpdesk@tesla.com, hstearne@tesla.com
hstearne@tesla.com, helpdesk@tesla.com
helpdesk@tesla.com, hstearne@tesla.com
hstearne@tesla.com, helpdesk@tesla.com
helpdesk@tesla.com, hstearne@tesla.com
hstearne@tesla.com, helpdesk@tesla.com
helpdesk@tesla.com, hstearne@tesla.com
hstearne@tesla.com, helpdesk@tesla.com
helpdesk@tesla.com, hstearne@tesla.com
hstearne@tesla.com, helpdesk@tesla.com
helpdesk@tesla.com, iray@tesla.com
iray@tesla.com, helpdesk@tesla.com
helpdesk@tesla.com, iray@tesla.com
iray@tesla.com, helpdesk@tesla.com
helpdesk@tesla.com, iray@tesla.com
iray@tesla.com, helpdesk@tesla.com
helpdesk@tesla.com, iray@tesla.com
iray@tesla.com, helpdesk@tesla.com
helpdesk@tesla.com, iray@tesla.com
helpdesk@tesla.com, enorvil@tesla.com
enorvil@tesla.com, helpdesk@tesla.com
helpdesk@tesla.com, enorvil@tesla.com
enorvil@tesla.com, helpdesk@tesla.com
helpdesk@tesla.com, enorvil@tesla.com
enorvil@tesla.com, helpdesk@tesla.com
helpdesk@tesla.com, enorvil@tesla.com
enorvil@tesla.com, helpdesk@tesla.com
helpdesk@tesla.com, enorvil@tesla.com
enorvil@tesla.com, helpdesk@tesla.com
helpdesk@tesla.com, enorvil@tesla.com
enorvil@tesla.com, helpdesk@tesla.com
helpdesk@tesla.com, enorvil@tesla.com
enorvil@tesla.com, helpdesk@tesla.com
helpdesk@tesla.com, enorvil@tesla.com
enorvil@tesla.com, helpdesk@tesla.com
helpdesk@tesla.com, enorvil@tesla.com
enorvil@tesla.com, helpdesk@tesla.com
helpdesk@tesla.com, rnella@tesla.com
rnella@tesla.com, helpdesk@tesla.com
helpdesk@tesla.com, rnella@tesla.com
rnella@tesla.com, helpdesk@tesla.com
helpdesk@tesla.com, rnella@tesla.com
rnella@tesla.com, helpdesk@tesla.com
helpdesk@tesla.com, rnella@tesla.com
rnella@tesla.com, helpdesk@tesla.com
helpdesk@tesla.com, rnella@tesla.com
rnella@tesla.com, helpdesk@tesla.com
helpdesk@tesla.com, rnella@tesla.com
rnella@tesla.com, helpdesk@tesla.com
helpdesk@tesla.com, rnella@tesla.com
helpdesk@tesla.com, ufelicity@tesla.com
ufelicity@tesla.com, helpdesk@tesla.com
helpdesk@tesla.com, ufelicity@tesla.com
ufelicity@tesla.com, helpdesk@tesla.com
helpdesk@tesla.com, ufelicity@tesla.com
ufelicity@tesla.com, helpdesk@tesla.com
helpdesk@tesla.com, ufelicity@tesla.com
ufelicity@tesla.com, helpdesk@tesla.com
helpdesk@tesla.com, rseko@tesla.com
rseko@tesla.com, helpdesk@tesla.com
helpdesk@tesla.com, rseko@tesla.com
rseko@tesla.com, helpdesk@tesla.com
helpdesk@tesla.com, rseko@tesla.com
rseko@tesla.com, helpdesk@tesla.com
helpdesk@tesla.com, rseko@tesla.com
rseko@tesla.com, helpdesk@tesla.com
helpdesk@tesla.com, rseko@tesla.com
rseko@tesla.com, helpdesk@tesla.com
helpdesk@tesla.com, rseko@tesla.com
rseko@tesla.com, helpdesk@tesla.com
helpdesk@tesla.com, rseko@tesla.com
rseko@tesla.com, helpdesk@tesla.com
helpdesk@tesla.com, rseko@tesla.com
rseko@tesla.com, helpdesk@tesla.com
helpdesk@tesla.com, rseko@tesla.com
rseko@tesla.com, helpdesk@tesla.com
helpdesk@tesla.com, rseko@tesla.com
rseko@tesla.com, helpdesk@tesla.com
helpdesk@tesla.com, ecolpin@tesla.com
ecolpin@tesla.com, helpdesk@tesla.com
helpdesk@tesla.com, ecolpin@tesla.com
ecolpin@tesla.com, helpdesk@tesla.com
helpdesk@tesla.com, ecolpin@tesla.com
ecolpin@tesla.com, helpdesk@tesla.com
helpdesk@tesla.com, ecolpin@tesla.com
ecolpin@tesla.com, helpdesk@tesla.com
helpdesk@tesla.com, ecolpin@tesla.com
ecolpin@tesla.com, helpdesk@tesla.com
helpdesk@tesla.com, ecolpin@tesla.com
ecolpin@tesla.com, helpdesk@tesla.com
helpdesk@tesla.com, ecolpin@tesla.com
ecolpin@tesla.com, helpdesk@tesla.com
helpdesk@tesla.com, ecolpin@tesla.com
ecolpin@tesla.com, helpdesk@tesla.com
helpdesk@tesla.com, tcissiee@tesla.com
tcissiee@tesla.com, helpdesk@tesla.com
helpdesk@tesla.com, tcissiee@tesla.com
tcissiee@tesla.com, helpdesk@tesla.com
helpdesk@tesla.com, tcissiee@tesla.com
tcissiee@tesla.com, helpdesk@tesla.com
helpdesk@tesla.com, tcissiee@tesla.com
tcissiee@tesla.com, helpdesk@tesla.com
helpdesk@tesla.com, tcissiee@tesla.com
tcissiee@tesla.com, helpdesk@tesla.com
helpdesk@tesla.com, tcissiee@tesla.com
tcissiee@tesla.com, helpdesk@tesla.com
helpdesk@tesla.com, tcissiee@tesla.com
tcissiee@tesla.com, helpdesk@tesla.com
helpdesk@tesla.com, tcissiee@tesla.com
tcissiee@tesla.com, helpdesk@tesla.com
helpdesk@tesla.com, tcissiee@tesla.com
helpdesk@tesla.com, oulberto@tesla.com
oulberto@tesla.com, helpdesk@tesla.com
helpdesk@tesla.com, oulberto@tesla.com
oulberto@tesla.com, helpdesk@tesla.com
helpdesk@tesla.com, oulberto@tesla.com
helpdesk@tesla.com, aearlene@tesla.com
aearlene@tesla.com, helpdesk@tesla.com
helpdesk@tesla.com, aearlene@tesla.com
aearlene@tesla.com, helpdesk@tesla.com
helpdesk@tesla.com, aearlene@tesla.com
aearlene@tesla.com, helpdesk@tesla.com
helpdesk@tesla.com, aearlene@tesla.com
aearlene@tesla.com, helpdesk@tesla.com
helpdesk@tesla.com, ezuleika@tesla.com
ezuleika@tesla.com, helpdesk@tesla.com
helpdesk@tesla.com, ezuleika@tesla.com
ezuleika@tesla.com, helpdesk@tesla.com
helpdesk@tesla.com, ezuleika@tesla.com
ezuleika@tesla.com, helpdesk@tesla.com
helpdesk@tesla.com, ezuleika@tesla.com
ezuleika@tesla.com, helpdesk@tesla.com
helpdesk@tesla.com, ezuleika@tesla.com
ezuleika@tesla.com, helpdesk@tesla.com
helpdesk@tesla.com, ezuleika@tesla.com
ezuleika@tesla.com, helpdesk@tesla.com
helpdesk@tesla.com, ezuleika@tesla.com
ezuleika@tesla.com, helpdesk@tesla.com
helpdesk@tesla.com, ezuleika@tesla.com
ezuleika@tesla.com, helpdesk@tesla.com
helpdesk@tesla.com, aedholm@tesla.com
aedholm@tesla.com, helpdesk@tesla.com
helpdesk@tesla.com, aedholm@tesla.com
aedholm@tesla.com, helpdesk@tesla.com
helpdesk@tesla.com, aedholm@tesla.com
aedholm@tesla.com, helpdesk@tesla.com
helpdesk@tesla.com, aedholm@tesla.com
aedholm@tesla.com, helpdesk@tesla.com
helpdesk@tesla.com, aedholm@tesla.com
aedholm@tesla.com, helpdesk@tesla.com
helpdesk@tesla.com, aedholm@tesla.com
aedholm@tesla.com, helpdesk@tesla.com
helpdesk@tesla.com, aedholm@tesla.com
aedholm@tesla.com, helpdesk@tesla.com
helpdesk@tesla.com, rlayton@tesla.com
rlayton@tesla.com, helpdesk@tesla.com
helpdesk@tesla.com, rlayton@tesla.com
rlayton@tesla.com, helpdesk@tesla.com
helpdesk@tesla.com, rlayton@tesla.com
rlayton@tesla.com, helpdesk@tesla.com
helpdesk@tesla.com, rlayton@tesla.com
rlayton@tesla.com, helpdesk@tesla.com
helpdesk@tesla.com, amadelina@tesla.com
amadelina@tesla.com, helpdesk@tesla.com
helpdesk@tesla.com, amadelina@tesla.com
amadelina@tesla.com, helpdesk@tesla.com
helpdesk@tesla.com, amadelina@tesla.com
amadelina@tesla.com, helpdesk@tesla.com
helpdesk@tesla.com, amadelina@tesla.com
amadelina@tesla.com, helpdesk@tesla.com
helpdesk@tesla.com, amadelina@tesla.com
amadelina@tesla.com, helpdesk@tesla.com
helpdesk@tesla.com, amadelina@tesla.com
amadelina@tesla.com, helpdesk@tesla.com
helpdesk@tesla.com, amadelina@tesla.com
amadelina@tesla.com, helpdesk@tesla.com
helpdesk@tesla.com, amadelina@tesla.com
helpdesk@tesla.com, aleacock@tesla.com
aleacock@tesla.com, helpdesk@tesla.com
helpdesk@tesla.com, aleacock@tesla.com
aleacock@tesla.com, helpdesk@tesla.com
helpdesk@tesla.com, aleacock@tesla.com
aleacock@tesla.com, helpdesk@tesla.com
helpdesk@tesla.com, aleacock@tesla.com
aleacock@tesla.com, helpdesk@tesla.com
helpdesk@tesla.com, aleacock@tesla.com
aleacock@tesla.com, helpdesk@tesla.com
helpdesk@tesla.com, agunzburg@tesla.com
agunzburg@tesla.com, helpdesk@tesla.com
helpdesk@tesla.com, agunzburg@tesla.com
agunzburg@tesla.com, helpdesk@tesla.com
helpdesk@tesla.com, agunzburg@tesla.com
agunzburg@tesla.com, helpdesk@tesla.com
helpdesk@tesla.com, agunzburg@tesla.com
agunzburg@tesla.com, helpdesk@tesla.com
helpdesk@tesla.com, agunzburg@tesla.com
agunzburg@tesla.com, helpdesk@tesla.com
helpdesk@tesla.com, agunzburg@tesla.com
agunzburg@tesla.com, helpdesk@tesla.com
helpdesk@tesla.com, agunzburg@tesla.com
helpdesk@tesla.com, rgarris@tesla.com
rgarris@tesla.com, helpdesk@tesla.com
helpdesk@tesla.com, rgarris@tesla.com
rgarris@tesla.com, helpdesk@tesla.com
helpdesk@tesla.com, rgarris@tesla.com
rgarris@tesla.com, helpdesk@tesla.com
helpdesk@tesla.com, rgarris@tesla.com
rgarris@tesla.com, helpdesk@tesla.com
helpdesk@tesla.com, rgarris@tesla.com
rgarris@tesla.com, helpdesk@tesla.com
helpdesk@tesla.com, rgarris@tesla.com
rgarris@tesla.com, helpdesk@tesla.com
helpdesk@tesla.com, rgarris@tesla.com
rgarris@tesla.com, helpdesk@tesla.com
helpdesk@tesla.com, rgarris@tesla.com
rgarris@tesla.com, helpdesk@tesla.com
helpdesk@tesla.com, rgarris@tesla.com
rgarris@tesla.com, helpdesk@tesla.com
helpdesk@tesla.com, yzaslow@tesla.com
yzaslow@tesla.com, helpdesk@tesla.com
helpdesk@tesla.com, yzaslow@tesla.com
yzaslow@tesla.com, helpdesk@tesla.com
helpdesk@tesla.com, yzaslow@tesla.com
yzaslow@tesla.com, helpdesk@tesla.com
helpdesk@tesla.com, yzaslow@tesla.com
yzaslow@tesla.com, helpdesk@tesla.com
helpdesk@tesla.com, yzaslow@tesla.com
yzaslow@tesla.com, helpdesk@tesla.com
helpdesk@tesla.com, yzaslow@tesla.com
helpdesk@tesla.com, lgypsie@tesla.com
lgypsie@tesla.com, helpdesk@tesla.com
helpdesk@tesla.com, lgypsie@tesla.com
lgypsie@tesla.com, helpdesk@tesla.com
helpdesk@tesla.com, lgypsie@tesla.com
lgypsie@tesla.com, helpdesk@tesla.com
helpdesk@tesla.com, lgypsie@tesla.com
lgypsie@tesla.com, helpdesk@tesla.com
helpdesk@tesla.com, lgypsie@tesla.com
lgypsie@tesla.com, helpdesk@tesla.com
helpdesk@tesla.com, lgypsie@tesla.com
lgypsie@tesla.com, helpdesk@tesla.com
helpdesk@tesla.com, lgypsie@tesla.com
lgypsie@tesla.com, helpdesk@tesla.com
helpdesk@tesla.com, lgypsie@tesla.com
lgypsie@tesla.com, helpdesk@tesla.com
helpdesk@tesla.com, lgypsie@tesla.com
helpdesk@tesla.com, ecosimo@tesla.com
ecosimo@tesla.com, helpdesk@tesla.com
helpdesk@tesla.com, ecosimo@tesla.com
ecosimo@tesla.com, helpdesk@tesla.com
helpdesk@tesla.com, ecosimo@tesla.com
ecosimo@tesla.com, helpdesk@tesla.com
helpdesk@tesla.com, ecosimo@tesla.com
ecosimo@tesla.com, helpdesk@tesla.com
helpdesk@tesla.com, ecosimo@tesla.com
ecosimo@tesla.com, helpdesk@tesla.com
helpdesk@tesla.com, ecosimo@tesla.com
ecosimo@tesla.com, helpdesk@tesla.com
helpdesk@tesla.com, ecosimo@tesla.com
ecosimo@tesla.com, helpdesk@tesla.com
helpdesk@tesla.com, ecosimo@tesla.com
ecosimo@tesla.com, helpdesk@tesla.com
helpdesk@tesla.com, ecosimo@tesla.com
ecosimo@tesla.com, helpdesk@tesla.com
helpdesk@tesla.com, ecosimo@tesla.com
ecosimo@tesla.com, helpdesk@tesla.com
helpdesk@tesla.com, aalmeta@tesla.com
aalmeta@tesla.com, helpdesk@tesla.com
helpdesk@tesla.com, aalmeta@tesla.com
aalmeta@tesla.com, helpdesk@tesla.com
helpdesk@tesla.com, aalmeta@tesla.com
aalmeta@tesla.com, helpdesk@tesla.com
helpdesk@tesla.com, aalmeta@tesla.com
aalmeta@tesla.com, helpdesk@tesla.com
helpdesk@tesla.com, aalmeta@tesla.com
aalmeta@tesla.com, helpdesk@tesla.com
helpdesk@tesla.com, aalmeta@tesla.com
aalmeta@tesla.com, helpdesk@tesla.com
helpdesk@tesla.com, aalmeta@tesla.com
helpdesk@tesla.com, lariane@tesla.com
lariane@tesla.com, helpdesk@tesla.com
helpdesk@tesla.com, lariane@tesla.com
lariane@tesla.com, helpdesk@tesla.com
helpdesk@tesla.com, lariane@tesla.com
lariane@tesla.com, helpdesk@tesla.com
helpdesk@tesla.com, lariane@tesla.com
lariane@tesla.com, helpdesk@tesla.com
helpdesk@tesla.com, lariane@tesla.com
lariane@tesla.com, helpdesk@tesla.com
helpdesk@tesla.com, lariane@tesla.com
lariane@tesla.com, helpdesk@tesla.com
helpdesk@tesla.com, lariane@tesla.com
lariane@tesla.com, helpdesk@tesla.com
helpdesk@tesla.com, lariane@tesla.com
helpdesk@tesla.com, ahrutkay@tesla.com
ahrutkay@tesla.com, helpdesk@tesla.com
helpdesk@tesla.com, ahrutkay@tesla.com
ahrutkay@tesla.com, helpdesk@tesla.com
helpdesk@tesla.com, ahrutkay@tesla.com
ahrutkay@tesla.com, helpdesk@tesla.com
helpdesk@tesla.com, ahrutkay@tesla.com
ahrutkay@tesla.com, helpdesk@tesla.com
helpdesk@tesla.com, ahrutkay@tesla.com
ahrutkay@tesla.com, helpdesk@tesla.com
helpdesk@tesla.com, ahrutkay@tesla.com
ahrutkay@tesla.com, helpdesk@tesla.com
helpdesk@tesla.com, ahrutkay@tesla.com
ahrutkay@tesla.com, helpdesk@tesla.com
helpdesk@tesla.com, ahrutkay@tesla.com
helpdesk@tesla.com, akalikow@tesla.com
akalikow@tesla.com, helpdesk@tesla.com
helpdesk@tesla.com, akalikow@tesla.com
akalikow@tesla.com, helpdesk@tesla.com
helpdesk@tesla.com, akalikow@tesla.com
akalikow@tesla.com, helpdesk@tesla.com
helpdesk@tesla.com, akalikow@tesla.com
akalikow@tesla.com, helpdesk@tesla.com
helpdesk@tesla.com, akalikow@tesla.com
akalikow@tesla.com, helpdesk@tesla.com
helpdesk@tesla.com, akalikow@tesla.com
akalikow@tesla.com, helpdesk@tesla.com
helpdesk@tesla.com, akalikow@tesla.com
akalikow@tesla.com, helpdesk@tesla.com
helpdesk@tesla.com, dquartana@tesla.com
dquartana@tesla.com, helpdesk@tesla.com
helpdesk@tesla.com, dquartana@tesla.com
dquartana@tesla.com, helpdesk@tesla.com
helpdesk@tesla.com, dquartana@tesla.com
dquartana@tesla.com, helpdesk@tesla.com
helpdesk@tesla.com, dquartana@tesla.com
dquartana@tesla.com, helpdesk@tesla.com
helpdesk@tesla.com, dquartana@tesla.com
dquartana@tesla.com, helpdesk@tesla.com
helpdesk@tesla.com, dquartana@tesla.com
dquartana@tesla.com, helpdesk@tesla.com
helpdesk@tesla.com, dquartana@tesla.com
dquartana@tesla.com, helpdesk@tesla.com
helpdesk@tesla.com, dquartana@tesla.com
dquartana@tesla.com, helpdesk@tesla.com
zkirkhorn@tesla.com, kPeterson@tesla.com
zkirkhorn@tesla.com, kPeterson@tesla.com
zkirkhorn@tesla.com, kPeterson@tesla.com
zkirkhorn@tesla.com, kPeterson@tesla.com
zkirkhorn@tesla.com, kPeterson@tesla.com
zkirkhorn@tesla.com, kPeterson@tesla.com
zkirkhorn@tesla.com, kPeterson@tesla.com
zkirkhorn@tesla.com, kPeterson@tesla.com
zkirkhorn@tesla.com, kPeterson@tesla.com
zkirkhorn@tesla.com, kPeterson@tesla.com
zkirkhorn@tesla.com, kPeterson@tesla.com
zkirkhorn@tesla.com, kPeterson@tesla.com
zkirkhorn@tesla.com, kPeterson@tesla.com
zkirkhorn@tesla.com, kPeterson@tesla.com
zkirkhorn@tesla.com, kPeterson@tesla.com
zkirkhorn@tesla.com, kPeterson@tesla.com
zkirkhorn@tesla.com, kPeterson@tesla.com
zkirkhorn@tesla.com, kPeterson@tesla.com
zkirkhorn@tesla.com, kPeterson@tesla.com
zkirkhorn@tesla.com, kPeterson@tesla.com
zkirkhorn@tesla.com, kPeterson@tesla.com
zkirkhorn@tesla.com, kPeterson@tesla.com
zkirkhorn@tesla.com, kPeterson@tesla.com
zkirkhorn@tesla.com, kPeterson@tesla.com
zkirkhorn@tesla.com, kPeterson@tesla.com
zkirkhorn@tesla.com, kPeterson@tesla.com
zkirkhorn@tesla.com, kPeterson@tesla.com
zkirkhorn@tesla.com, kPeterson@tesla.com
zkirkhorn@tesla.com, kPeterson@tesla.com
zkirkhorn@tesla.com, kPeterson@tesla.com
zkirkhorn@tesla.com, kPeterson@tesla.com
zkirkhorn@tesla.com, kPeterson@tesla.com
zkirkhorn@tesla.com, kPeterson@tesla.com
zkirkhorn@tesla.com, kPeterson@tesla.com
zkirkhorn@tesla.com, kPeterson@tesla.com
zkirkhorn@tesla.com, kPeterson@tesla.com
zkirkhorn@tesla.com, kPeterson@tesla.com
zkirkhorn@tesla.com, kPeterson@tesla.com
zkirkhorn@tesla.com, kPeterson@tesla.com
zkirkhorn@tesla.com, kPeterson@tesla.com
zkirkhorn@tesla.com, kPeterson@tesla.com
zkirkhorn@tesla.com, kPeterson@tesla.com
zkirkhorn@tesla.com, kPeterson@tesla.com
zkirkhorn@tesla.com, kPeterson@tesla.com
zkirkhorn@tesla.com, kPeterson@tesla.com
zkirkhorn@tesla.com, kPeterson@tesla.com
zkirkhorn@tesla.com, kPeterson@tesla.com
zkirkhorn@tesla.com, kPeterson@tesla.com
zkirkhorn@tesla.com, kPeterson@tesla.com
zkirkhorn@tesla.com, kPeterson@tesla.com
zkirkhorn@tesla.com, kPeterson@tesla.com
zkirkhorn@tesla.com, kPeterson@tesla.com
zkirkhorn@tesla.com, kPeterson@tesla.com
zkirkhorn@tesla.com, kPeterson@tesla.com
zkirkhorn@tesla.com, kPeterson@tesla.com
zkirkhorn@tesla.com, kPeterson@tesla.com
zkirkhorn@tesla.com, kPeterson@tesla.com
zkirkhorn@tesla.com, kPeterson@tesla.com
zkirkhorn@tesla.com, kPeterson@tesla.com
zkirkhorn@tesla.com, kPeterson@tesla.com
zkirkhorn@tesla.com, kPeterson@tesla.com
zkirkhorn@tesla.com, kPeterson@tesla.com
zkirkhorn@tesla.com, kPeterson@tesla.com
zkirkhorn@tesla.com, kPeterson@tesla.com
zkirkhorn@tesla.com, kPeterson@tesla.com
zkirkhorn@tesla.com, kPeterson@tesla.com
zkirkhorn@tesla.com, kPeterson@tesla.com
zkirkhorn@tesla.com, kPeterson@tesla.com
zkirkhorn@tesla.com, kPeterson@tesla.com
zkirkhorn@tesla.com, kPeterson@tesla.com
zkirkhorn@tesla.com, kPeterson@tesla.com
zkirkhorn@tesla.com, kPeterson@tesla.com
zkirkhorn@tesla.com, kPeterson@tesla.com
zkirkhorn@tesla.com, kPeterson@tesla.com
zkirkhorn@tesla.com, kPeterson@tesla.com
zkirkhorn@tesla.com, kPeterson@tesla.com
zkirkhorn@tesla.com, kPeterson@tesla.com
zkirkhorn@tesla.com, kPeterson@tesla.com
zkirkhorn@tesla.com, kPeterson@tesla.com
zkirkhorn@tesla.com, kPeterson@tesla.com
zkirkhorn@tesla.com, kPeterson@tesla.com
zkirkhorn@tesla.com, kPeterson@tesla.com
zkirkhorn@tesla.com, kPeterson@tesla.com
zkirkhorn@tesla.com, kPeterson@tesla.com
zkirkhorn@tesla.com, kPeterson@tesla.com
zkirkhorn@tesla.com, kPeterson@tesla.com
zkirkhorn@tesla.com, kPeterson@tesla.com
zkirkhorn@tesla.com, kPeterson@tesla.com
zkirkhorn@tesla.com, kPeterson@tesla.com
zkirkhorn@tesla.com, kPeterson@tesla.com
zkirkhorn@tesla.com, kPeterson@tesla.com
zkirkhorn@tesla.com, kPeterson@tesla.com
zkirkhorn@tesla.com, kPeterson@tesla.com
zkirkhorn@tesla.com, kPeterson@tesla.com
zkirkhorn@tesla.com, kPeterson@tesla.com
zkirkhorn@tesla.com, kPeterson@tesla.com
zkirkhorn@tesla.com, kPeterson@tesla.com
zkirkhorn@tesla.com, kPeterson@tesla.com
zkirkhorn@tesla.com, kPeterson@tesla.com
zkirkhorn@tesla.com, kPeterson@tesla.com
zkirkhorn@tesla.com, kPeterson@tesla.com
zkirkhorn@tesla.com, kPeterson@tesla.com
zkirkhorn@tesla.com, kPeterson@tesla.com
zkirkhorn@tesla.com, kPeterson@tesla.com
zkirkhorn@tesla.com, kPeterson@tesla.com
zkirkhorn@tesla.com, kPeterson@tesla.com
zkirkhorn@tesla.com, kPeterson@tesla.com
zkirkhorn@tesla.com, kPeterson@tesla.com
zkirkhorn@tesla.com, kPeterson@tesla.com
zkirkhorn@tesla.com, kPeterson@tesla.com
zkirkhorn@tesla.com, kPeterson@tesla.com
zkirkhorn@tesla.com, kPeterson@tesla.com
zkirkhorn@tesla.com, kPeterson@tesla.com
zkirkhorn@tesla.com, kPeterson@tesla.com
zkirkhorn@tesla.com, kPeterson@tesla.com
zkirkhorn@tesla.com, kPeterson@tesla.com
zkirkhorn@tesla.com, kPeterson@tesla.com
zkirkhorn@tesla.com, kPeterson@tesla.com
zkirkhorn@tesla.com, kPeterson@tesla.com
zkirkhorn@tesla.com, kPeterson@tesla.com
zkirkhorn@tesla.com, kPeterson@tesla.com
zkirkhorn@tesla.com, kPeterson@tesla.com
zkirkhorn@tesla.com, kPeterson@tesla.com
zkirkhorn@tesla.com, kPeterson@tesla.com
zkirkhorn@tesla.com, kPeterson@tesla.com
zkirkhorn@tesla.com, kPeterson@tesla.com
zkirkhorn@tesla.com, kPeterson@tesla.com
zkirkhorn@tesla.com, kPeterson@tesla.com
kPeterson@tesla.com, zkirkhorn@tesla.com
kPeterson@tesla.com, zkirkhorn@tesla.com
kPeterson@tesla.com, zkirkhorn@tesla.com
kPeterson@tesla.com, zkirkhorn@tesla.com
kPeterson@tesla.com, zkirkhorn@tesla.com
kPeterson@tesla.com, zkirkhorn@tesla.com
kPeterson@tesla.com, zkirkhorn@tesla.com
kPeterson@tesla.com, zkirkhorn@tesla.com
kPeterson@tesla.com, zkirkhorn@tesla.com
kPeterson@tesla.com, zkirkhorn@tesla.com
kPeterson@tesla.com, zkirkhorn@tesla.com
kPeterson@tesla.com, zkirkhorn@tesla.com
kPeterson@tesla.com, zkirkhorn@tesla.com
kPeterson@tesla.com, zkirkhorn@tesla.com
kPeterson@tesla.com, zkirkhorn@tesla.com
kPeterson@tesla.com, zkirkhorn@tesla.com
kPeterson@tesla.com, zkirkhorn@tesla.com
kPeterson@tesla.com, zkirkhorn@tesla.com
kPeterson@tesla.com, zkirkhorn@tesla.com
kPeterson@tesla.com, zkirkhorn@tesla.com
kPeterson@tesla.com, zkirkhorn@tesla.com
kPeterson@tesla.com, zkirkhorn@tesla.com
kPeterson@tesla.com, zkirkhorn@tesla.com
kPeterson@tesla.com, zkirkhorn@tesla.com
kPeterson@tesla.com, zkirkhorn@tesla.com
kPeterson@tesla.com, zkirkhorn@tesla.com
kPeterson@tesla.com, zkirkhorn@tesla.com
kPeterson@tesla.com, zkirkhorn@tesla.com
kPeterson@tesla.com, zkirkhorn@tesla.com
kPeterson@tesla.com, zkirkhorn@tesla.com
kPeterson@tesla.com, zkirkhorn@tesla.com
kPeterson@tesla.com, zkirkhorn@tesla.com
kPeterson@tesla.com, zkirkhorn@tesla.com
kPeterson@tesla.com, zkirkhorn@tesla.com
kPeterson@tesla.com, zkirkhorn@tesla.com
kPeterson@tesla.com, zkirkhorn@tesla.com
kPeterson@tesla.com, zkirkhorn@tesla.com
kPeterson@tesla.com, zkirkhorn@tesla.com
kPeterson@tesla.com, zkirkhorn@tesla.com
kPeterson@tesla.com, zkirkhorn@tesla.com
kPeterson@tesla.com, zkirkhorn@tesla.com
kPeterson@tesla.com, zkirkhorn@tesla.com
kPeterson@tesla.com, zkirkhorn@tesla.com
kPeterson@tesla.com, zkirkhorn@tesla.com
kPeterson@tesla.com, zkirkhorn@tesla.com
kPeterson@tesla.com, zkirkhorn@tesla.com
kPeterson@tesla.com, zkirkhorn@tesla.com
kPeterson@tesla.com, zkirkhorn@tesla.com
kPeterson@tesla.com, zkirkhorn@tesla.com
kPeterson@tesla.com, zkirkhorn@tesla.com
kPeterson@tesla.com, zkirkhorn@tesla.com
kPeterson@tesla.com, zkirkhorn@tesla.com
kPeterson@tesla.com, zkirkhorn@tesla.com
kPeterson@tesla.com, zkirkhorn@tesla.com
kPeterson@tesla.com, zkirkhorn@tesla.com
kPeterson@tesla.com, zkirkhorn@tesla.com
kPeterson@tesla.com, zkirkhorn@tesla.com
kPeterson@tesla.com, zkirkhorn@tesla.com
kPeterson@tesla.com, zkirkhorn@tesla.com
kPeterson@tesla.com, zkirkhorn@tesla.com
kPeterson@tesla.com, zkirkhorn@tesla.com
kPeterson@tesla.com, zkirkhorn@tesla.com
kPeterson@tesla.com, zkirkhorn@tesla.com
kPeterson@tesla.com, zkirkhorn@tesla.com
kPeterson@tesla.com, zkirkhorn@tesla.com
kPeterson@tesla.com, zkirkhorn@tesla.com
kPeterson@tesla.com, zkirkhorn@tesla.com
kPeterson@tesla.com, zkirkhorn@tesla.com
kPeterson@tesla.com, zkirkhorn@tesla.com
kPeterson@tesla.com, zkirkhorn@tesla.com
kPeterson@tesla.com, zkirkhorn@tesla.com
kPeterson@tesla.com, zkirkhorn@tesla.com
kPeterson@tesla.com, zkirkhorn@tesla.com
kPeterson@tesla.com, zkirkhorn@tesla.com
kPeterson@tesla.com, zkirkhorn@tesla.com
kPeterson@tesla.com, zkirkhorn@tesla.com
kPeterson@tesla.com, zkirkhorn@tesla.com
kPeterson@tesla.com, zkirkhorn@tesla.com
kPeterson@tesla.com, zkirkhorn@tesla.com
kPeterson@tesla.com, zkirkhorn@tesla.com
kPeterson@tesla.com, zkirkhorn@tesla.com
kPeterson@tesla.com, zkirkhorn@tesla.com
kPeterson@tesla.com, zkirkhorn@tesla.com
kPeterson@tesla.com, zkirkhorn@tesla.com
kPeterson@tesla.com, zkirkhorn@tesla.com
kPeterson@tesla.com, zkirkhorn@tesla.com
kPeterson@tesla.com, zkirkhorn@tesla.com
kPeterson@tesla.com, zkirkhorn@tesla.com
kPeterson@tesla.com, zkirkhorn@tesla.com
kPeterson@tesla.com, zkirkhorn@tesla.com
kPeterson@tesla.com, zkirkhorn@tesla.com
kPeterson@tesla.com, zkirkhorn@tesla.com
kPeterson@tesla.com, zkirkhorn@tesla.com
kPeterson@tesla.com, zkirkhorn@tesla.com
kPeterson@tesla.com, zkirkhorn@tesla.com
kPeterson@tesla.com, zkirkhorn@tesla.com
kPeterson@tesla.com, zkirkhorn@tesla.com
kPeterson@tesla.com, zkirkhorn@tesla.com
kPeterson@tesla.com, zkirkhorn@tesla.com
kPeterson@tesla.com, zkirkhorn@tesla.com
kPeterson@tesla.com, zkirkhorn@tesla.com
kPeterson@tesla.com, zkirkhorn@tesla.com
kPeterson@tesla.com, zkirkhorn@tesla.com
kPeterson@tesla.com, zkirkhorn@tesla.com
kPeterson@tesla.com, zkirkhorn@tesla.com
kPeterson@tesla.com, zkirkhorn@tesla.com
kPeterson@tesla.com, zkirkhorn@tesla.com
kPeterson@tesla.com, zkirkhorn@tesla.com
kPeterson@tesla.com, zkirkhorn@tesla.com
kPeterson@tesla.com, zkirkhorn@tesla.com
kPeterson@tesla.com, zkirkhorn@tesla.com
kPeterson@tesla.com, zkirkhorn@tesla.com
kPeterson@tesla.com, zkirkhorn@tesla.com
kPeterson@tesla.com, zkirkhorn@tesla.com
kPeterson@tesla.com, zkirkhorn@tesla.com
kPeterson@tesla.com, zkirkhorn@tesla.com
kPeterson@tesla.com, zkirkhorn@tesla.com
kPeterson@tesla.com, zkirkhorn@tesla.com
kPeterson@tesla.com, zkirkhorn@tesla.com
kPeterson@tesla.com, zkirkhorn@tesla.com
kPeterson@tesla.com, zkirkhorn@tesla.com
kPeterson@tesla.com, zkirkhorn@tesla.com
kPeterson@tesla.com, zkirkhorn@tesla.com
kPeterson@tesla.com, zkirkhorn@tesla.com
kPeterson@tesla.com, zkirkhorn@tesla.com
kPeterson@tesla.com, zkirkhorn@tesla.com
kPeterson@tesla.com, zkirkhorn@tesla.com
kPeterson@tesla.com, zkirkhorn@tesla.com
kPeterson@tesla.com, zkirkhorn@tesla.com
kPeterson@tesla.com, zkirkhorn@tesla.com
kPeterson@tesla.com, zkirkhorn@tesla.com
kPeterson@tesla.com, zkirkhorn@tesla.com
kPeterson@tesla.com, zkirkhorn@tesla.com
kPeterson@tesla.com, zkirkhorn@tesla.com
kPeterson@tesla.com, zkirkhorn@tesla.com
kPeterson@tesla.com, zkirkhorn@tesla.com
kPeterson@tesla.com, zkirkhorn@tesla.com
kPeterson@tesla.com, zkirkhorn@tesla.com
kPeterson@tesla.com, zkirkhorn@tesla.com
kPeterson@tesla.com, zkirkhorn@tesla.com
kPeterson@tesla.com, zkirkhorn@tesla.com
kPeterson@tesla.com, zkirkhorn@tesla.com
kPeterson@tesla.com, zkirkhorn@tesla.com
kPeterson@tesla.com, zkirkhorn@tesla.com
kPeterson@tesla.com, zkirkhorn@tesla.com
kPeterson@tesla.com, zkirkhorn@tesla.com
kPeterson@tesla.com, zkirkhorn@tesla.com
kPeterson@tesla.com, zkirkhorn@tesla.com
kPeterson@tesla.com, zkirkhorn@tesla.com
kPeterson@tesla.com, zkirkhorn@tesla.com
kPeterson@tesla.com, zkirkhorn@tesla.com
kPeterson@tesla.com, zkirkhorn@tesla.com
kPeterson@tesla.com, zkirkhorn@tesla.com
kPeterson@tesla.com, zkirkhorn@tesla.com
kPeterson@tesla.com, zkirkhorn@tesla.com
kPeterson@tesla.com, zkirkhorn@tesla.com
kPeterson@tesla.com, zkirkhorn@tesla.com
kPeterson@tesla.com, zkirkhorn@tesla.com
kPeterson@tesla.com, zkirkhorn@tesla.com
kPeterson@tesla.com, zkirkhorn@tesla.com
kPeterson@tesla.com, zkirkhorn@tesla.com
kPeterson@tesla.com, zkirkhorn@tesla.com
kPeterson@tesla.com, zkirkhorn@tesla.com
kPeterson@tesla.com, zkirkhorn@tesla.com
kPeterson@tesla.com, zkirkhorn@tesla.com
kPeterson@tesla.com, zkirkhorn@tesla.com
kPeterson@tesla.com, zkirkhorn@tesla.com
kPeterson@tesla.com, zkirkhorn@tesla.com
kPeterson@tesla.com, zkirkhorn@tesla.com
kPeterson@tesla.com, zkirkhorn@tesla.com
kPeterson@tesla.com, zkirkhorn@tesla.com
kPeterson@tesla.com, zkirkhorn@tesla.com
kPeterson@tesla.com, zkirkhorn@tesla.com
kPeterson@tesla.com, zkirkhorn@tesla.com
kPeterson@tesla.com, zkirkhorn@tesla.com
kPeterson@tesla.com, zkirkhorn@tesla.com
kPeterson@tesla.com, zkirkhorn@tesla.com
kPeterson@tesla.com, zkirkhorn@tesla.com
kPeterson@tesla.com, zkirkhorn@tesla.com
kPeterson@tesla.com, zkirkhorn@tesla.com
kPeterson@tesla.com, zkirkhorn@tesla.com
kPeterson@tesla.com, zkirkhorn@tesla.com
kPeterson@tesla.com, zkirkhorn@tesla.com
kPeterson@tesla.com, zkirkhorn@tesla.com
kPeterson@tesla.com, zkirkhorn@tesla.com
kPeterson@tesla.com, zkirkhorn@tesla.com
kPeterson@tesla.com, zkirkhorn@tesla.com
kPeterson@tesla.com, zkirkhorn@tesla.com
kPeterson@tesla.com, zkirkhorn@tesla.com
kPeterson@tesla.com, zkirkhorn@tesla.com
kPeterson@tesla.com, zkirkhorn@tesla.com
kPeterson@tesla.com, zkirkhorn@tesla.com
kPeterson@tesla.com, zkirkhorn@tesla.com
kPeterson@tesla.com, zkirkhorn@tesla.com
kPeterson@tesla.com, zkirkhorn@tesla.com
kPeterson@tesla.com, zkirkhorn@tesla.com
kPeterson@tesla.com, zkirkhorn@tesla.com
kPeterson@tesla.com, zkirkhorn@tesla.com
kPeterson@tesla.com, zkirkhorn@tesla.com
kPeterson@tesla.com, zkirkhorn@tesla.com
kPeterson@tesla.com, zkirkhorn@tesla.com
kPeterson@tesla.com, zkirkhorn@tesla.com
kPeterson@tesla.com, zkirkhorn@tesla.com
kPeterson@tesla.com, zkirkhorn@tesla.com
kPeterson@tesla.com, zkirkhorn@tesla.com
kPeterson@tesla.com, zkirkhorn@tesla.com
kPeterson@tesla.com, zkirkhorn@tesla.com
kPeterson@tesla.com, zkirkhorn@tesla.com
kPeterson@tesla.com, zkirkhorn@tesla.com
kPeterson@tesla.com, zkirkhorn@tesla.com
kPeterson@tesla.com, zkirkhorn@tesla.com
kPeterson@tesla.com, zkirkhorn@tesla.com
kPeterson@tesla.com, zkirkhorn@tesla.com
kPeterson@tesla.com, zkirkhorn@tesla.com
kPeterson@tesla.com, zkirkhorn@tesla.com
kPeterson@tesla.com, zkirkhorn@tesla.com
kPeterson@tesla.com, zkirkhorn@tesla.com
kPeterson@tesla.com, zkirkhorn@tesla.com
kPeterson@tesla.com, zkirkhorn@tesla.com
kPeterson@tesla.com, zkirkhorn@tesla.com
kPeterson@tesla.com, zkirkhorn@tesla.com
kPeterson@tesla.com, zkirkhorn@tesla.com
kPeterson@tesla.com, zkirkhorn@tesla.com
kPeterson@tesla.com, zkirkhorn@tesla.com
kPeterson@tesla.com, zkirkhorn@tesla.com
kPeterson@tesla.com, zkirkhorn@tesla.com
kPeterson@tesla.com, zkirkhorn@tesla.com
kPeterson@tesla.com, zkirkhorn@tesla.com
kPeterson@tesla.com, zkirkhorn@tesla.com
kPeterson@tesla.com, zkirkhorn@tesla.com
kPeterson@tesla.com, zkirkhorn@tesla.com
kPeterson@tesla.com, zkirkhorn@tesla.com
kPeterson@tesla.com, zkirkhorn@tesla.com
kPeterson@tesla.com, zkirkhorn@tesla.com
kPeterson@tesla.com, zkirkhorn@tesla.com
kPeterson@tesla.com, zkirkhorn@tesla.com
kPeterson@tesla.com, zkirkhorn@tesla.com
kPeterson@tesla.com, zkirkhorn@tesla.com
kPeterson@tesla.com, zkirkhorn@tesla.com
kPeterson@tesla.com, zkirkhorn@tesla.com
kPeterson@tesla.com, zkirkhorn@tesla.com
kPeterson@tesla.com, zkirkhorn@tesla.com
kPeterson@tesla.com, zkirkhorn@tesla.com
kPeterson@tesla.com, zkirkhorn@tesla.com
kPeterson@tesla.com, zkirkhorn@tesla.com
kPeterson@tesla.com, zkirkhorn@tesla.com
kPeterson@tesla.com, zkirkhorn@tesla.com
kPeterson@tesla.com, zkirkhorn@tesla.com
kPeterson@tesla.com, zkirkhorn@tesla.com
kPeterson@tesla.com, zkirkhorn@tesla.com
kPeterson@tesla.com, zkirkhorn@tesla.com
kPeterson@tesla.com, zkirkhorn@tesla.com
kPeterson@tesla.com, zkirkhorn@tesla.com
kPeterson@tesla.com, zkirkhorn@tesla.com
kPeterson@tesla.com, zkirkhorn@tesla.com
kPeterson@tesla.com, zkirkhorn@tesla.com
kPeterson@tesla.com, zkirkhorn@tesla.com
kPeterson@tesla.com, zkirkhorn@tesla.com
kPeterson@tesla.com, zkirkhorn@tesla.com
kPeterson@tesla.com, zkirkhorn@tesla.com
kPeterson@tesla.com, zkirkhorn@tesla.com
kPeterson@tesla.com, zkirkhorn@tesla.com
kPeterson@tesla.com, zkirkhorn@tesla.com
kPeterson@tesla.com, zkirkhorn@tesla.com
kPeterson@tesla.com, zkirkhorn@tesla.com
kPeterson@tesla.com, zkirkhorn@tesla.com
kPeterson@tesla.com, zkirkhorn@tesla.com
kPeterson@tesla.com, zkirkhorn@tesla.com
kPeterson@tesla.com, zkirkhorn@tesla.com
kPeterson@tesla.com, zkirkhorn@tesla.com
kPeterson@tesla.com, zkirkhorn@tesla.com
kPeterson@tesla.com, zkirkhorn@tesla.com
kPeterson@tesla.com, zkirkhorn@tesla.com
kPeterson@tesla.com, zkirkhorn@tesla.com
kPeterson@tesla.com, zkirkhorn@tesla.com
kPeterson@tesla.com, zkirkhorn@tesla.com
kPeterson@tesla.com, zkirkhorn@tesla.com
kPeterson@tesla.com, zkirkhorn@tesla.com
kPeterson@tesla.com, zkirkhorn@tesla.com
kPeterson@tesla.com, zkirkhorn@tesla.com
kPeterson@tesla.com, zkirkhorn@tesla.com
kPeterson@tesla.com, zkirkhorn@tesla.com
kPeterson@tesla.com, zkirkhorn@tesla.com
kPeterson@tesla.com, zkirkhorn@tesla.com
kPeterson@tesla.com, zkirkhorn@tesla.com
kPeterson@tesla.com, zkirkhorn@tesla.com
kPeterson@tesla.com, zkirkhorn@tesla.com
kPeterson@tesla.com, zkirkhorn@tesla.com
kPeterson@tesla.com, zkirkhorn@tesla.com
kPeterson@tesla.com, zkirkhorn@tesla.com
kPeterson@tesla.com, zkirkhorn@tesla.com
kPeterson@tesla.com, zkirkhorn@tesla.com
kPeterson@tesla.com, zkirkhorn@tesla.com
kPeterson@tesla.com, zkirkhorn@tesla.com
kPeterson@tesla.com, zkirkhorn@tesla.com
kPeterson@tesla.com, zkirkhorn@tesla.com
kPeterson@tesla.com, zkirkhorn@tesla.com
kPeterson@tesla.com, zkirkhorn@tesla.com
kPeterson@tesla.com, zkirkhorn@tesla.com
kPeterson@tesla.com, zkirkhorn@tesla.com
kPeterson@tesla.com, zkirkhorn@tesla.com
kPeterson@tesla.com, zkirkhorn@tesla.com
kPeterson@tesla.com, zkirkhorn@tesla.com
kPeterson@tesla.com, zkirkhorn@tesla.com
kPeterson@tesla.com, zkirkhorn@tesla.com
kPeterson@tesla.com, zkirkhorn@tesla.com
kPeterson@tesla.com, zkirkhorn@tesla.com
kPeterson@tesla.com, zkirkhorn@tesla.com
kPeterson@tesla.com, zkirkhorn@tesla.com
kPeterson@tesla.com, zkirkhorn@tesla.com
kPeterson@tesla.com, zkirkhorn@tesla.com
kPeterson@tesla.com, zkirkhorn@tesla.com
kPeterson@tesla.com, zkirkhorn@tesla.com
kPeterson@tesla.com, zkirkhorn@tesla.com
kPeterson@tesla.com, zkirkhorn@tesla.com
kPeterson@tesla.com, zkirkhorn@tesla.com
kPeterson@tesla.com, zkirkhorn@tesla.com
kPeterson@tesla.com, zkirkhorn@tesla.com
kPeterson@tesla.com, zkirkhorn@tesla.com
kPeterson@tesla.com, zkirkhorn@tesla.com
kPeterson@tesla.com, zkirkhorn@tesla.com
kPeterson@tesla.com, zkirkhorn@tesla.com
kPeterson@tesla.com, zkirkhorn@tesla.com
kPeterson@tesla.com, zkirkhorn@tesla.com
kPeterson@tesla.com, zkirkhorn@tesla.com
kPeterson@tesla.com, zkirkhorn@tesla.com
kPeterson@tesla.com, zkirkhorn@tesla.com
kPeterson@tesla.com, zkirkhorn@tesla.com
kPeterson@tesla.com, zkirkhorn@tesla.com
kPeterson@tesla.com, zkirkhorn@tesla.com
kPeterson@tesla.com, zkirkhorn@tesla.com
kPeterson@tesla.com, zkirkhorn@tesla.com
kPeterson@tesla.com, zkirkhorn@tesla.com
kPeterson@tesla.com, zkirkhorn@tesla.com
kPeterson@tesla.com, zkirkhorn@tesla.com
kPeterson@tesla.com, zkirkhorn@tesla.com
kPeterson@tesla.com, zkirkhorn@tesla.com
kPeterson@tesla.com, zkirkhorn@tesla.com
kPeterson@tesla.com, zkirkhorn@tesla.com
kPeterson@tesla.com, zkirkhorn@tesla.com
kPeterson@tesla.com, zkirkhorn@tesla.com
kPeterson@tesla.com, zkirkhorn@tesla.com
kPeterson@tesla.com, zkirkhorn@tesla.com
kPeterson@tesla.com, zkirkhorn@tesla.com
kPeterson@tesla.com, zkirkhorn@tesla.com
kPeterson@tesla.com, zkirkhorn@tesla.com
kPeterson@tesla.com, zkirkhorn@tesla.com
kPeterson@tesla.com, zkirkhorn@tesla.com
kPeterson@tesla.com, zkirkhorn@tesla.com
kPeterson@tesla.com, zkirkhorn@tesla.com
kPeterson@tesla.com, zkirkhorn@tesla.com
kPeterson@tesla.com, zkirkhorn@tesla.com
kPeterson@tesla.com, zkirkhorn@tesla.com
kPeterson@tesla.com, zkirkhorn@tesla.com
kPeterson@tesla.com, zkirkhorn@tesla.com
kPeterson@tesla.com, zkirkhorn@tesla.com
kPeterson@tesla.com, zkirkhorn@tesla.com
kPeterson@tesla.com, zkirkhorn@tesla.com
kPeterson@tesla.com, zkirkhorn@tesla.com
kPeterson@tesla.com, zkirkhorn@tesla.com
kPeterson@tesla.com, zkirkhorn@tesla.com
kPeterson@tesla.com, zkirkhorn@tesla.com
kPeterson@tesla.com, zkirkhorn@tesla.com
kPeterson@tesla.com, zkirkhorn@tesla.com
kPeterson@tesla.com, zkirkhorn@tesla.com
kPeterson@tesla.com, zkirkhorn@tesla.com
kPeterson@tesla.com, zkirkhorn@tesla.com
kPeterson@tesla.com, zkirkhorn@tesla.com
kPeterson@tesla.com, zkirkhorn@tesla.com
kPeterson@tesla.com, zkirkhorn@tesla.com
kPeterson@tesla.com, zkirkhorn@tesla.com
kPeterson@tesla.com, zkirkhorn@tesla.com
kPeterson@tesla.com, zkirkhorn@tesla.com
kPeterson@tesla.com, zkirkhorn@tesla.com
kPeterson@tesla.com, zkirkhorn@tesla.com
kPeterson@tesla.com, zkirkhorn@tesla.com
kPeterson@tesla.com, zkirkhorn@tesla.com
kPeterson@tesla.com, zkirkhorn@tesla.com
kPeterson@tesla.com, zkirkhorn@tesla.com
kPeterson@tesla.com, zkirkhorn@tesla.com
kPeterson@tesla.com, zkirkhorn@tesla.com
kPeterson@tesla.com, zkirkhorn@tesla.com
kPeterson@tesla.com, zkirkhorn@tesla.com
kPeterson@tesla.com, zkirkhorn@tesla.com
kPeterson@tesla.com, zkirkhorn@tesla.com
kPeterson@tesla.com, zkirkhorn@tesla.com
kPeterson@tesla.com, zkirkhorn@tesla.com
kPeterson@tesla.com, zkirkhorn@tesla.com
kPeterson@tesla.com, zkirkhorn@tesla.com
kPeterson@tesla.com, zkirkhorn@tesla.com
kPeterson@tesla.com, zkirkhorn@tesla.com
kPeterson@tesla.com, zkirkhorn@tesla.com
kPeterson@tesla.com, zkirkhorn@tesla.com
kPeterson@tesla.com, zkirkhorn@tesla.com
kPeterson@tesla.com, zkirkhorn@tesla.com
kPeterson@tesla.com, zkirkhorn@tesla.com
kPeterson@tesla.com, zkirkhorn@tesla.com
kPeterson@tesla.com, zkirkhorn@tesla.com
kPeterson@tesla.com, zkirkhorn@tesla.com
kPeterson@tesla.com, zkirkhorn@tesla.com
kPeterson@tesla.com, zkirkhorn@tesla.com
kPeterson@tesla.com, zkirkhorn@tesla.com
kPeterson@tesla.com, zkirkhorn@tesla.com
kPeterson@tesla.com, zkirkhorn@tesla.com
kPeterson@tesla.com, zkirkhorn@tesla.com
kPeterson@tesla.com, zkirkhorn@tesla.com
kPeterson@tesla.com, zkirkhorn@tesla.com
kPeterson@tesla.com, zkirkhorn@tesla.com
kPeterson@tesla.com, zkirkhorn@tesla.com
kPeterson@tesla.com, zkirkhorn@tesla.com
kPeterson@tesla.com, zkirkhorn@tesla.com
kPeterson@tesla.com, zkirkhorn@tesla.com
kPeterson@tesla.com, zkirkhorn@tesla.com
kPeterson@tesla.com, zkirkhorn@tesla.com
kPeterson@tesla.com, zkirkhorn@tesla.com
kPeterson@tesla.com, zkirkhorn@tesla.com
kPeterson@tesla.com, zkirkhorn@tesla.com
kPeterson@tesla.com, zkirkhorn@tesla.com
kPeterson@tesla.com, zkirkhorn@tesla.com
kPeterson@tesla.com, zkirkhorn@tesla.com
kPeterson@tesla.com, zkirkhorn@tesla.com
kPeterson@tesla.com, zkirkhorn@tesla.com
kPeterson@tesla.com, zkirkhorn@tesla.com
kPeterson@tesla.com, zkirkhorn@tesla.com
kPeterson@tesla.com, zkirkhorn@tesla.com
kPeterson@tesla.com, zkirkhorn@tesla.com
kPeterson@tesla.com, zkirkhorn@tesla.com
kPeterson@tesla.com, zkirkhorn@tesla.com
kPeterson@tesla.com, zkirkhorn@tesla.com
kPeterson@tesla.com, zkirkhorn@tesla.com
kPeterson@tesla.com, zkirkhorn@tesla.com
kPeterson@tesla.com, zkirkhorn@tesla.com
kPeterson@tesla.com, zkirkhorn@tesla.com
kPeterson@tesla.com, zkirkhorn@tesla.com
kPeterson@tesla.com, zkirkhorn@tesla.com
kPeterson@tesla.com, zkirkhorn@tesla.com
kPeterson@tesla.com, zkirkhorn@tesla.com
kPeterson@tesla.com, zkirkhorn@tesla.com
kPeterson@tesla.com, zkirkhorn@tesla.com
kPeterson@tesla.com, zkirkhorn@tesla.com
kPeterson@tesla.com, zkirkhorn@tesla.com
kPeterson@tesla.com, zkirkhorn@tesla.com
kPeterson@tesla.com, zkirkhorn@tesla.com
kPeterson@tesla.com, zkirkhorn@tesla.com
kPeterson@tesla.com, zkirkhorn@tesla.com
kPeterson@tesla.com, zkirkhorn@tesla.com
kPeterson@tesla.com, zkirkhorn@tesla.com
kPeterson@tesla.com, zkirkhorn@tesla.com
kPeterson@tesla.com, zkirkhorn@tesla.com
kPeterson@tesla.com, zkirkhorn@tesla.com
kPeterson@tesla.com, zkirkhorn@tesla.com
kPeterson@tesla.com, zkirkhorn@tesla.com
kPeterson@tesla.com, zkirkhorn@tesla.com
kPeterson@tesla.com, zkirkhorn@tesla.com
kPeterson@tesla.com, zkirkhorn@tesla.com
kPeterson@tesla.com, zkirkhorn@tesla.com
kPeterson@tesla.com, zkirkhorn@tesla.com
kPeterson@tesla.com, zkirkhorn@tesla.com
kPeterson@tesla.com, zkirkhorn@tesla.com
kPeterson@tesla.com, zkirkhorn@tesla.com
kPeterson@tesla.com, zkirkhorn@tesla.com
kPeterson@tesla.com, zkirkhorn@tesla.com
kPeterson@tesla.com, zkirkhorn@tesla.com
kPeterson@tesla.com, zkirkhorn@tesla.com
kPeterson@tesla.com, zkirkhorn@tesla.com
kPeterson@tesla.com, zkirkhorn@tesla.com
kPeterson@tesla.com, zkirkhorn@tesla.com
kPeterson@tesla.com, zkirkhorn@tesla.com
kPeterson@tesla.com, zkirkhorn@tesla.com
kPeterson@tesla.com, zkirkhorn@tesla.com
kPeterson@tesla.com, zkirkhorn@tesla.com
kPeterson@tesla.com, zkirkhorn@tesla.com
kPeterson@tesla.com, zkirkhorn@tesla.com
kPeterson@tesla.com, zkirkhorn@tesla.com
kPeterson@tesla.com, zkirkhorn@tesla.com
kPeterson@tesla.com, zkirkhorn@tesla.com
kPeterson@tesla.com, zkirkhorn@tesla.com
kPeterson@tesla.com, zkirkhorn@tesla.com
kPeterson@tesla.com, zkirkhorn@tesla.com
kPeterson@tesla.com, zkirkhorn@tesla.com
kPeterson@tesla.com, zkirkhorn@tesla.com
kPeterson@tesla.com, zkirkhorn@tesla.com
kPeterson@tesla.com, zkirkhorn@tesla.com
kPeterson@tesla.com, zkirkhorn@tesla.com
kPeterson@tesla.com, zkirkhorn@tesla.com
kPeterson@tesla.com, zkirkhorn@tesla.com
kPeterson@tesla.com, zkirkhorn@tesla.com
kPeterson@tesla.com, zkirkhorn@tesla.com
kPeterson@tesla.com, zkirkhorn@tesla.com
kPeterson@tesla.com, zkirkhorn@tesla.com
kPeterson@tesla.com, zkirkhorn@tesla.com
kPeterson@tesla.com, zkirkhorn@tesla.com
kPeterson@tesla.com, zkirkhorn@tesla.com
kPeterson@tesla.com, zkirkhorn@tesla.com
kPeterson@tesla.com, zkirkhorn@tesla.com
kPeterson@tesla.com, zkirkhorn@tesla.com
kPeterson@tesla.com, zkirkhorn@tesla.com
kPeterson@tesla.com, zkirkhorn@tesla.com
kPeterson@tesla.com, zkirkhorn@tesla.com
kPeterson@tesla.com, zkirkhorn@tesla.com
kPeterson@tesla.com, zkirkhorn@tesla.com
kPeterson@tesla.com, zkirkhorn@tesla.com
kPeterson@tesla.com, zkirkhorn@tesla.com
kPeterson@tesla.com, zkirkhorn@tesla.com
kPeterson@tesla.com, zkirkhorn@tesla.com
kPeterson@tesla.com, zkirkhorn@tesla.com
kPeterson@tesla.com, zkirkhorn@tesla.com
kPeterson@tesla.com, zkirkhorn@tesla.com
kPeterson@tesla.com, zkirkhorn@tesla.com
kPeterson@tesla.com, zkirkhorn@tesla.com
kPeterson@tesla.com, zkirkhorn@tesla.com
kPeterson@tesla.com, zkirkhorn@tesla.com
kPeterson@tesla.com, zkirkhorn@tesla.com
kPeterson@tesla.com, zkirkhorn@tesla.com
kPeterson@tesla.com, zkirkhorn@tesla.com
kPeterson@tesla.com, zkirkhorn@tesla.com
kPeterson@tesla.com, zkirkhorn@tesla.com
kPeterson@tesla.com, zkirkhorn@tesla.com
kPeterson@tesla.com, zkirkhorn@tesla.com
kPeterson@tesla.com, zkirkhorn@tesla.com
kPeterson@tesla.com, zkirkhorn@tesla.com
kPeterson@tesla.com, zkirkhorn@tesla.com
kPeterson@tesla.com, zkirkhorn@tesla.com
kPeterson@tesla.com, zkirkhorn@tesla.com
kPeterson@tesla.com, zkirkhorn@tesla.com
kPeterson@tesla.com, zkirkhorn@tesla.com
kPeterson@tesla.com, zkirkhorn@tesla.com
kPeterson@tesla.com, zkirkhorn@tesla.com
kPeterson@tesla.com, zkirkhorn@tesla.com
kPeterson@tesla.com, zkirkhorn@tesla.com
kPeterson@tesla.com, zkirkhorn@tesla.com
kPeterson@tesla.com, zkirkhorn@tesla.com
kPeterson@tesla.com, zkirkhorn@tesla.com
kPeterson@tesla.com, zkirkhorn@tesla.com
kPeterson@tesla.com, zkirkhorn@tesla.com
kPeterson@tesla.com, zkirkhorn@tesla.com
kPeterson@tesla.com, zkirkhorn@tesla.com
kPeterson@tesla.com, zkirkhorn@tesla.com
kPeterson@tesla.com, zkirkhorn@tesla.com
kPeterson@tesla.com, zkirkhorn@tesla.com
kPeterson@tesla.com, zkirkhorn@tesla.com
kPeterson@tesla.com, zkirkhorn@tesla.com
kPeterson@tesla.com, zkirkhorn@tesla.com
kPeterson@tesla.com, zkirkhorn@tesla.com
kPeterson@tesla.com, zkirkhorn@tesla.com
kPeterson@tesla.com, zkirkhorn@tesla.com
kPeterson@tesla.com, zkirkhorn@tesla.com
kPeterson@tesla.com, zkirkhorn@tesla.com
kPeterson@tesla.com, zkirkhorn@tesla.com
kPeterson@tesla.com, zkirkhorn@tesla.com
kPeterson@tesla.com, zkirkhorn@tesla.com
kPeterson@tesla.com, zkirkhorn@tesla.com
kPeterson@tesla.com, zkirkhorn@tesla.com
kPeterson@tesla.com, zkirkhorn@tesla.com
kPeterson@tesla.com, zkirkhorn@tesla.com
kPeterson@tesla.com, zkirkhorn@tesla.com
kPeterson@tesla.com, zkirkhorn@tesla.com
kPeterson@tesla.com, zkirkhorn@tesla.com
kPeterson@tesla.com, zkirkhorn@tesla.com
kPeterson@tesla.com, zkirkhorn@tesla.com
kPeterson@tesla.com, zkirkhorn@tesla.com
kPeterson@tesla.com, zkirkhorn@tesla.com
kPeterson@tesla.com, zkirkhorn@tesla.com
kPeterson@tesla.com, zkirkhorn@tesla.com
kPeterson@tesla.com, zkirkhorn@tesla.com
kPeterson@tesla.com, zkirkhorn@tesla.com
kPeterson@tesla.com, zkirkhorn@tesla.com
kPeterson@tesla.com, zkirkhorn@tesla.com
kPeterson@tesla.com, zkirkhorn@tesla.com
kPeterson@tesla.com, zkirkhorn@tesla.com
kPeterson@tesla.com, zkirkhorn@tesla.com
kPeterson@tesla.com, zkirkhorn@tesla.com
kPeterson@tesla.com, zkirkhorn@tesla.com
kPeterson@tesla.com, zkirkhorn@tesla.com
kPeterson@tesla.com, zkirkhorn@tesla.com
kPeterson@tesla.com, zkirkhorn@tesla.com
kPeterson@tesla.com, zkirkhorn@tesla.com
kPeterson@tesla.com, zkirkhorn@tesla.com
kPeterson@tesla.com, zkirkhorn@tesla.com
kPeterson@tesla.com, zkirkhorn@tesla.com
kPeterson@tesla.com, zkirkhorn@tesla.com
kPeterson@tesla.com, zkirkhorn@tesla.com
kPeterson@tesla.com, zkirkhorn@tesla.com
kPeterson@tesla.com, zkirkhorn@tesla.com
kPeterson@tesla.com, zkirkhorn@tesla.com
kPeterson@tesla.com, zkirkhorn@tesla.com
kPeterson@tesla.com, zkirkhorn@tesla.com
kPeterson@tesla.com, zkirkhorn@tesla.com
kPeterson@tesla.com, zkirkhorn@tesla.com
kPeterson@tesla.com, zkirkhorn@tesla.com
kPeterson@tesla.com, zkirkhorn@tesla.com
kPeterson@tesla.com, zkirkhorn@tesla.com
kPeterson@tesla.com, zkirkhorn@tesla.com
kPeterson@tesla.com, zkirkhorn@tesla.com
kPeterson@tesla.com, zkirkhorn@tesla.com
kPeterson@tesla.com, zkirkhorn@tesla.com
kPeterson@tesla.com, zkirkhorn@tesla.com
kPeterson@tesla.com, zkirkhorn@tesla.com
kPeterson@tesla.com, zkirkhorn@tesla.com
kPeterson@tesla.com, zkirkhorn@tesla.com
kPeterson@tesla.com, zkirkhorn@tesla.com
kPeterson@tesla.com, zkirkhorn@tesla.com
kPeterson@tesla.com, zkirkhorn@tesla.com
kPeterson@tesla.com, zkirkhorn@tesla.com
kPeterson@tesla.com, zkirkhorn@tesla.com
kPeterson@tesla.com, zkirkhorn@tesla.com
kPeterson@tesla.com, zkirkhorn@tesla.com
kPeterson@tesla.com, zkirkhorn@tesla.com
kPeterson@tesla.com, zkirkhorn@tesla.com
kPeterson@tesla.com, zkirkhorn@tesla.com
kPeterson@tesla.com, zkirkhorn@tesla.com
kPeterson@tesla.com, zkirkhorn@tesla.com
kPeterson@tesla.com, zkirkhorn@tesla.com
kPeterson@tesla.com, zkirkhorn@tesla.com
kPeterson@tesla.com, zkirkhorn@tesla.com
kPeterson@tesla.com, zkirkhorn@tesla.com
kPeterson@tesla.com, zkirkhorn@tesla.com
kPeterson@tesla.com, zkirkhorn@tesla.com
kPeterson@tesla.com, zkirkhorn@tesla.com
kPeterson@tesla.com, zkirkhorn@tesla.com
kPeterson@tesla.com, zkirkhorn@tesla.com
kPeterson@tesla.com, zkirkhorn@tesla.com
kPeterson@tesla.com, zkirkhorn@tesla.com
kPeterson@tesla.com, zkirkhorn@tesla.com
kPeterson@tesla.com, zkirkhorn@tesla.com
kPeterson@tesla.com, zkirkhorn@tesla.com
kPeterson@tesla.com, zkirkhorn@tesla.com
kPeterson@tesla.com, zkirkhorn@tesla.com
kPeterson@tesla.com, zkirkhorn@tesla.com
kPeterson@tesla.com, zkirkhorn@tesla.com
kPeterson@tesla.com, zkirkhorn@tesla.com
kPeterson@tesla.com, zkirkhorn@tesla.com
kPeterson@tesla.com, zkirkhorn@tesla.com
kPeterson@tesla.com, zkirkhorn@tesla.com
kPeterson@tesla.com, zkirkhorn@tesla.com
kPeterson@tesla.com, zkirkhorn@tesla.com
kPeterson@tesla.com, zkirkhorn@tesla.com
kPeterson@tesla.com, zkirkhorn@tesla.com
kPeterson@tesla.com, zkirkhorn@tesla.com
kPeterson@tesla.com, zkirkhorn@tesla.com
kPeterson@tesla.com, zkirkhorn@tesla.com
kPeterson@tesla.com, zkirkhorn@tesla.com
kPeterson@tesla.com, zkirkhorn@tesla.com
kPeterson@tesla.com, zkirkhorn@tesla.com
kPeterson@tesla.com, zkirkhorn@tesla.com
kPeterson@tesla.com, zkirkhorn@tesla.com
kPeterson@tesla.com, zkirkhorn@tesla.com
kPeterson@tesla.com, zkirkhorn@tesla.com
kPeterson@tesla.com, zkirkhorn@tesla.com
kPeterson@tesla.com, zkirkhorn@tesla.com
kPeterson@tesla.com, zkirkhorn@tesla.com
kPeterson@tesla.com, zkirkhorn@tesla.com
kPeterson@tesla.com, zkirkhorn@tesla.com
emusk@tesla.com, zkirkhorn@tesla.com
zkirkhorn@tesla.com, emusk@tesla.com
emusk@tesla.com, zkirkhorn@tesla.com
zkirkhorn@tesla.com, emusk@tesla.com
emusk@tesla.com, zkirkhorn@tesla.com
zkirkhorn@tesla.com, emusk@tesla.com
emusk@tesla.com, zkirkhorn@tesla.com
zkirkhorn@tesla.com, emusk@tesla.com
emusk@tesla.com, zkirkhorn@tesla.com
zkirkhorn@tesla.com, emusk@tesla.com
emusk@tesla.com, zkirkhorn@tesla.com
zkirkhorn@tesla.com, emusk@tesla.com
emusk@tesla.com, zkirkhorn@tesla.com
emusk@tesla.com, kmusk@tesla.com
kmusk@tesla.com, emusk@tesla.com
emusk@tesla.com, kmusk@tesla.com
kmusk@tesla.com, emusk@tesla.com
emusk@tesla.com, kmusk@tesla.com
kmusk@tesla.com, emusk@tesla.com
emusk@tesla.com, kmusk@tesla.com
kmusk@tesla.com, emusk@tesla.com
emusk@tesla.com, kmusk@tesla.com
kmusk@tesla.com, emusk@tesla.com
emusk@tesla.com, kmusk@tesla.com
kmusk@tesla.com, emusk@tesla.com
emusk@tesla.com, kmusk@tesla.com
kmusk@tesla.com, emusk@tesla.com
emusk@tesla.com, kmusk@tesla.com
kmusk@tesla.com, emusk@tesla.com
emusk@tesla.com, kmusk@tesla.com
kmusk@tesla.com, emusk@tesla.com
emusk@tesla.com, kmusk@tesla.com
kmusk@tesla.com, emusk@tesla.com
emusk@tesla.com, kmusk@tesla.com
kmusk@tesla.com, emusk@tesla.com
emusk@tesla.com, kmusk@tesla.com
kmusk@tesla.com, emusk@tesla.com
emusk@tesla.com, kmusk@tesla.com
kmusk@tesla.com, emusk@tesla.com
emusk@tesla.com, kmusk@tesla.com
kmusk@tesla.com, emusk@tesla.com
emusk@tesla.com, kmusk@tesla.com
kmusk@tesla.com, emusk@tesla.com
emusk@tesla.com, kmusk@tesla.com
kmusk@tesla.com, emusk@tesla.com
emusk@tesla.com, kmusk@tesla.com
kmusk@tesla.com, emusk@tesla.com
emusk@tesla.com, kmusk@tesla.com
kmusk@tesla.com, emusk@tesla.com
emusk@tesla.com, kmusk@tesla.com
kmusk@tesla.com, emusk@tesla.com
emusk@tesla.com, kmusk@tesla.com
kmusk@tesla.com, emusk@tesla.com
emusk@tesla.com, kmusk@tesla.com
kmusk@tesla.com, emusk@tesla.com
emusk@tesla.com, kmusk@tesla.com
kmusk@tesla.com, emusk@tesla.com
emusk@tesla.com, kmusk@tesla.com
kmusk@tesla.com, emusk@tesla.com
emusk@tesla.com, kmusk@tesla.com
kmusk@tesla.com, emusk@tesla.com
emusk@tesla.com, kmusk@tesla.com
kmusk@tesla.com, emusk@tesla.com
emusk@tesla.com, kmusk@tesla.com
kmusk@tesla.com, emusk@tesla.com
emusk@tesla.com, kmusk@tesla.com
kmusk@tesla.com, emusk@tesla.com
emusk@tesla.com, kmusk@tesla.com
kmusk@tesla.com, emusk@tesla.com
emusk@tesla.com, kmusk@tesla.com
kmusk@tesla.com, emusk@tesla.com
emusk@tesla.com, kmusk@tesla.com
kmusk@tesla.com, emusk@tesla.com
emusk@tesla.com, kmusk@tesla.com
kmusk@tesla.com, emusk@tesla.com
emusk@tesla.com, kmusk@tesla.com
kmusk@tesla.com, emusk@tesla.com
emusk@tesla.com, kmusk@tesla.com
kmusk@tesla.com, emusk@tesla.com
emusk@tesla.com, kmusk@tesla.com
kmusk@tesla.com, emusk@tesla.com
emusk@tesla.com, kmusk@tesla.com
kmusk@tesla.com, emusk@tesla.com
emusk@tesla.com, kmusk@tesla.com
kmusk@tesla.com, emusk@tesla.com
emusk@tesla.com, kmusk@tesla.com
kmusk@tesla.com, emusk@tesla.com
emusk@tesla.com, kmusk@tesla.com
kmusk@tesla.com, emusk@tesla.com
emusk@tesla.com, kmusk@tesla.com
kmusk@tesla.com, emusk@tesla.com
emusk@tesla.com, kmusk@tesla.com
kmusk@tesla.com, emusk@tesla.com
emusk@tesla.com, kmusk@tesla.com
kmusk@tesla.com, emusk@tesla.com
emusk@tesla.com, kmusk@tesla.com
kmusk@tesla.com, emusk@tesla.com
emusk@tesla.com, kmusk@tesla.com
kmusk@tesla.com, emusk@tesla.com
emusk@tesla.com, kmusk@tesla.com
kmusk@tesla.com, emusk@tesla.com
emusk@tesla.com, kmusk@tesla.com
kmusk@tesla.com, emusk@tesla.com
emusk@tesla.com, kmusk@tesla.com
kmusk@tesla.com, emusk@tesla.com
emusk@tesla.com, kmusk@tesla.com
kmusk@tesla.com, emusk@tesla.com
emusk@tesla.com, kmusk@tesla.com
kmusk@tesla.com, emusk@tesla.com
emusk@tesla.com, kmusk@tesla.com
kmusk@tesla.com, emusk@tesla.com
emusk@tesla.com, kmusk@tesla.com
kmusk@tesla.com, emusk@tesla.com
emusk@tesla.com, kmusk@tesla.com
kmusk@tesla.com, emusk@tesla.com
emusk@tesla.com, kmusk@tesla.com
kmusk@tesla.com, emusk@tesla.com
emusk@tesla.com, kmusk@tesla.com
kmusk@tesla.com, emusk@tesla.com
emusk@tesla.com, kmusk@tesla.com
kmusk@tesla.com, emusk@tesla.com
emusk@tesla.com, kmusk@tesla.com
kmusk@tesla.com, emusk@tesla.com
emusk@tesla.com, kmusk@tesla.com
kmusk@tesla.com, emusk@tesla.com
emusk@tesla.com, kmusk@tesla.com
kmusk@tesla.com, emusk@tesla.com
emusk@tesla.com, kmusk@tesla.com
kmusk@tesla.com, emusk@tesla.com
emusk@tesla.com, kmusk@tesla.com
kmusk@tesla.com, emusk@tesla.com
emusk@tesla.com, kmusk@tesla.com
kmusk@tesla.com, emusk@tesla.com
emusk@tesla.com, kmusk@tesla.com
kmusk@tesla.com, emusk@tesla.com
emusk@tesla.com, kmusk@tesla.com
kmusk@tesla.com, emusk@tesla.com
emusk@tesla.com, kmusk@tesla.com
kmusk@tesla.com, emusk@tesla.com
emusk@tesla.com, kmusk@tesla.com
kmusk@tesla.com, emusk@tesla.com
emusk@tesla.com, kmusk@tesla.com
kmusk@tesla.com, emusk@tesla.com
emusk@tesla.com, kmusk@tesla.com
kmusk@tesla.com, emusk@tesla.com
emusk@tesla.com, kmusk@tesla.com
kmusk@tesla.com, emusk@tesla.com
emusk@tesla.com, kmusk@tesla.com
kmusk@tesla.com, emusk@tesla.com
emusk@tesla.com, kmusk@tesla.com
kmusk@tesla.com, emusk@tesla.com
emusk@tesla.com, kmusk@tesla.com
kmusk@tesla.com, emusk@tesla.com
emusk@tesla.com, kmusk@tesla.com
kmusk@tesla.com, emusk@tesla.com
emusk@tesla.com, kmusk@tesla.com
kmusk@tesla.com, emusk@tesla.com
emusk@tesla.com, kmusk@tesla.com
kmusk@tesla.com, emusk@tesla.com
emusk@tesla.com, kmusk@tesla.com
kmusk@tesla.com, emusk@tesla.com
emusk@tesla.com, kmusk@tesla.com
kmusk@tesla.com, emusk@tesla.com
emusk@tesla.com, kmusk@tesla.com
kmusk@tesla.com, emusk@tesla.com
emusk@tesla.com, kmusk@tesla.com
kmusk@tesla.com, emusk@tesla.com
emusk@tesla.com, kmusk@tesla.com
kmusk@tesla.com, emusk@tesla.com
emusk@tesla.com, kmusk@tesla.com
kmusk@tesla.com, emusk@tesla.com
emusk@tesla.com, kmusk@tesla.com
kmusk@tesla.com, emusk@tesla.com
emusk@tesla.com, kmusk@tesla.com
kmusk@tesla.com, emusk@tesla.com
emusk@tesla.com, kmusk@tesla.com
kmusk@tesla.com, emusk@tesla.com
emusk@tesla.com, kmusk@tesla.com
kmusk@tesla.com, emusk@tesla.com
emusk@tesla.com, kmusk@tesla.com
kmusk@tesla.com, emusk@tesla.com
emusk@tesla.com, kmusk@tesla.com
kmusk@tesla.com, emusk@tesla.com
emusk@tesla.com, kmusk@tesla.com
kmusk@tesla.com, emusk@tesla.com
emusk@tesla.com, kmusk@tesla.com
kmusk@tesla.com, emusk@tesla.com
emusk@tesla.com, kmusk@tesla.com
kmusk@tesla.com, emusk@tesla.com
emusk@tesla.com, kmusk@tesla.com
kmusk@tesla.com, emusk@tesla.com
emusk@tesla.com, kmusk@tesla.com
kmusk@tesla.com, emusk@tesla.com
emusk@tesla.com, kmusk@tesla.com
kmusk@tesla.com, emusk@tesla.com
emusk@tesla.com, kmusk@tesla.com
kmusk@tesla.com, emusk@tesla.com
emusk@tesla.com, kmusk@tesla.com
kmusk@tesla.com, emusk@tesla.com
emusk@tesla.com, kmusk@tesla.com
